year,level,level_label,scope,zeros,n,gini,theil_t,theil_l,sum_of_lights,lit_share
1992,adm1,province,all,,18,0.7108969837204626,1.1121774519748449,1.043294423123843,812483.0,nan
1993,adm1,province,all,,18,0.6943359103229985,1.0375395370659508,0.9856416303624377,915809.0,nan
1994,adm1,province,all,,18,0.6929359407538414,1.0350286452391309,0.9750393286275283,916874.0,nan
1995,adm1,province,all,,18,0.6811933085713853,0.9910027723523761,0.931361753699238,969357.0,nan
1996,adm1,province,all,,18,0.6850240572327027,1.0062931414513514,0.9422324390396277,950937.0,nan
1997,adm1,province,all,,18,0.6874978739641844,1.0103604540233344,0.9572246038593776,964740.0,nan
1998,adm1,province,all,,18,0.6823939928014924,0.9903435689686355,0.9389384530382928,1000185.0,nan
1999,adm1,province,all,,18,0.6774106938976476,0.9675872463832275,0.9212621652280871,1041684.0,nan
2000,adm1,province,all,,18,0.6681724177340598,0.9322060487341891,0.8914098840642294,1099210.0,nan
2001,adm1,province,all,,18,0.6656512518868405,0.9207427980595988,0.8836972397119793,1123256.0,nan
2002,adm1,province,all,,18,0.6588912651665428,0.9009510910117603,0.8614194219314799,1149743.0,nan
2003,adm1,province,all,,18,0.6520878253820768,0.8838114617010344,0.8414824213828255,1168380.0,nan
2004,adm1,province,all,,18,0.640076127092178,0.8462444107176632,0.8073315709233098,1237442.0,nan
2005,adm1,province,all,,18,0.6339161517038516,0.827740644999558,0.7907125469589739,1268324.0,nan
2006,adm1,province,all,,18,0.6339267221744314,0.8286398885506531,0.7914957010757235,1266348.0,nan
2007,adm1,province,all,,18,0.6411048542868607,0.8482086550190668,0.8093196370571876,1235126.0,nan
2008,adm1,province,all,,18,0.6403941140732288,0.848671980099866,0.8071614886264201,1232452.0,nan
2009,adm1,province,all,,18,0.6221883673921751,0.7971879911590409,0.7576398989127096,1311697.0,nan
2010,adm1,province,all,,18,0.6052412288645843,0.7489013652192513,0.7144658850101412,1402281.0,nan
2011,adm1,province,all,,18,0.5983975742481891,0.7299560768973997,0.7025854064954538,1447730.0,nan
2012,adm1,province,all,,18,0.579602789326211,0.6829515497120436,0.6648482195432388,1549001.0,nan
2013,adm1,province,all,,18,0.55030806073636,0.6103872591492868,0.6050366927752989,1707490.0,nan
2014,adm1,province,all,,18,0.539815554434999,0.5737850212701748,0.5988236190693246,1797744.7086242437,nan
2015,adm1,province,all,,18,0.5293441777706416,0.5451220440451258,0.5814048868968722,1917993.246041894,nan
2016,adm1,province,all,,18,0.5176518497021081,0.51728758377492,0.560080087978087,2043346.538075447,nan
2017,adm1,province,all,,18,0.4872487311084084,0.4568531836487182,0.4994136273935547,2321259.1225402355,nan
2018,adm1,province,all,,18,0.4663251821987946,0.4066932502553354,0.46375014489252,2686375.1597458124,nan
2019,adm1,province,all,,18,0.4492909753178502,0.37755993711223884,0.4329787614384623,2867281.155108571,nan
2020,adm1,province,all,,18,0.4262294441135086,0.34205677575779286,0.4000647478782941,3116690.7162179947,nan
2021,adm1,province,all,,18,0.4177112142578243,0.3267367363307285,0.38712311019925455,3249814.8001041412,nan
2022,adm1,province,all,,18,0.4105193193631702,0.31266512716599304,0.3725017470429976,3401842.2021034956,nan
1992,adm1,province,dark,,15,0.6807816728247083,0.9978843824183823,0.9246645895079681,692680.0,nan
1993,adm1,province,dark,,15,0.6616469427012153,0.9241839560488112,0.865781615527921,783569.0,nan
1994,adm1,province,dark,,15,0.6597349865168729,0.9211003315726997,0.8513084787269161,785971.0,nan
1995,adm1,province,dark,,15,0.644933193191275,0.875348040766894,0.7957659806530178,836700.0,nan
1996,adm1,province,dark,,15,0.6493811335415178,0.8904610537498984,0.8071449131834312,820633.0,nan
1997,adm1,province,dark,,15,0.6516496576383408,0.8931572316453052,0.8191280813453193,836667.0,nan
1998,adm1,province,dark,,15,0.6447206572324948,0.8714891525176489,0.7921813053011624,872581.0,nan
1999,adm1,province,dark,,15,0.6384021420354677,0.8479320242471625,0.7695000036178434,912565.0,nan
2000,adm1,province,dark,,15,0.6270428115372779,0.8118407088300612,0.7333344602211762,967131.0,nan
2001,adm1,province,dark,,15,0.623710402951694,0.79973161878151,0.7223118490736814,991754.0,nan
2002,adm1,province,dark,,15,0.6152849743521458,0.77929065229261,0.6940959053946901,1018078.0,nan
2003,adm1,province,dark,,15,0.6066661824922579,0.7612888362387519,0.6680737270941519,1038301.0,nan
2004,adm1,province,dark,,15,0.5918767871601529,0.722874538489645,0.6260456788122397,1104301.0,nan
2005,adm1,province,dark,,15,0.5845971952974178,0.7045265079585387,0.6074264376934092,1132741.0,nan
2006,adm1,province,dark,,15,0.5844740114462683,0.7051919412969787,0.6075448790050216,1132134.0,nan
2007,adm1,province,dark,,15,0.5932755442603028,0.7251788826904825,0.6299678136680895,1102711.0,nan
2008,adm1,province,dark,,15,0.5926282867318486,0.7260787296412808,0.6294624820759318,1099573.0,nan
2009,adm1,province,dark,,15,0.5712515385833759,0.6753851403897281,0.5772776817961273,1171434.0,nan
2010,adm1,province,dark,,15,0.5511370245308838,0.6273687015447746,0.5293632539900276,1253705.0,nan
2011,adm1,province,dark,,15,0.5416760379405021,0.606005499036665,0.5061721446342056,1300902.0,nan
2012,adm1,province,dark,,15,0.518548768485156,0.5578463665346098,0.458753585257237,1396744.0,nan
2013,adm1,province,dark,,15,0.4840421672250501,0.48640393090614675,0.39588656848749804,1537307.0,nan
2014,adm1,province,dark,,15,0.46941046490102467,0.44574479591181954,0.3720420266483301,1652817.4625331163,nan
2015,adm1,province,dark,,15,0.457225122170837,0.41769642398543944,0.35488485511352263,1766067.155964017,nan
2016,adm1,province,dark,,15,0.44344716931010586,0.39034299772608794,0.33363144930013766,1880844.7954769135,nan
2017,adm1,province,dark,,15,0.4094334708779799,0.3346161706588757,0.28788754060915495,2105911.934803486,nan
2018,adm1,province,dark,,15,0.3843256584290127,0.28439762481407527,0.2488603465340427,2427602.044144511,nan
2019,adm1,province,dark,,15,0.36507539742055517,0.25745063171590166,0.22357768876092735,2583561.620356679,nan
2020,adm1,province,dark,,15,0.3380375806104692,0.22327657203703113,0.19168952319572768,2803167.567689538,nan
2021,adm1,province,dark,,15,0.32811557493260346,0.20848338825361806,0.17957813553929647,2919285.203900218,nan
2022,adm1,province,dark,,15,0.3206140244710476,0.19636773257875156,0.17013845768878189,3048312.058170557,nan
1992,adm1,province,dark_wide,,14,0.6785410817234991,0.9800778179908533,0.935299944351161,636099.0,nan
1993,adm1,province,dark_wide,,14,0.6591348647403303,0.9079197615640948,0.8761857919705065,718906.0,nan
1994,adm1,province,dark_wide,,14,0.6578808819151374,0.9058553614918187,0.8622358493426902,719440.0,nan
1995,adm1,province,dark_wide,,14,0.6433522880796634,0.8611846013068362,0.8053354750261735,764487.0,nan
1996,adm1,province,dark_wide,,14,0.646305965760037,0.8723133804976313,0.8112944775298171,756603.0,nan
1997,adm1,province,dark_wide,,14,0.6477541672471825,0.8727821724716991,0.8205324899814703,776070.0,nan
1998,adm1,province,dark_wide,,14,0.6397346964379516,0.8476895681263321,0.7863150334993232,816063.0,nan
1999,adm1,province,dark_wide,,14,0.6329236059719257,0.8235138817594474,0.7614413202561426,855407.0,nan
2000,adm1,province,dark_wide,,14,0.6214442895621091,0.7881171427132804,0.7247823614158294,906203.0,nan
2001,adm1,province,dark_wide,,14,0.6181066043487915,0.7762279546613032,0.7136497720231855,929350.0,nan
2002,adm1,province,dark_wide,,14,0.6097986211581525,0.7560638945521949,0.6843955782785719,953787.0,nan
2003,adm1,province,dark_wide,,14,0.6014311964056147,0.7387205292273472,0.658102721127043,971552.0,nan
2004,adm1,province,dark_wide,,14,0.5876402217961532,0.7029262276987622,0.6184348002197684,1028635.0,nan
2005,adm1,province,dark_wide,,14,0.5796913203869107,0.6841454059529156,0.5982353962107516,1056315.0,nan
2006,adm1,province,dark_wide,,14,0.5790020035813035,0.6840117988140437,0.5970114631041519,1057495.0,nan
2007,adm1,province,dark_wide,,14,0.5864538082038262,0.701338389484501,0.6159016446041445,1035297.0,nan
2008,adm1,province,dark_wide,,14,0.5853702146486359,0.7017060053701388,0.6143720669652772,1033312.0,nan
2009,adm1,province,dark_wide,,14,0.5636084701421047,0.6523684664702871,0.5621586131956723,1098064.0,nan
2010,adm1,province,dark_wide,,14,0.5442884252310112,0.6071938752376832,0.5169249100405833,1168813.0,nan
2011,adm1,province,dark_wide,,14,0.5347841700051783,0.5863917172996846,0.493566495899351,1212014.0,nan
2012,adm1,province,dark_wide,,14,0.510604027707215,0.5387104784200328,0.44484608702927264,1300476.0,nan
2013,adm1,province,dark_wide,,14,0.4747581389532347,0.4681753634689641,0.3809676443458091,1427701.0,nan
2014,adm1,province,dark_wide,,14,0.45252348202401094,0.41890012165811097,0.3411606974892826,1562653.8283964396,nan
2015,adm1,province,dark_wide,,14,0.43718395756846773,0.3875752411932353,0.31667381511130854,1680285.2512727976,nan
2016,adm1,province,dark_wide,,14,0.4224945959730828,0.36023944173855316,0.294705154939072,1789876.3462997675,nan
2017,adm1,province,dark_wide,,14,0.386240003489402,0.30470325545201515,0.24771362077972037,2003834.2025710344,nan
2018,adm1,province,dark_wide,,14,0.3626505056230034,0.2585640428254375,0.21598631655660747,2292674.221485138,nan
2019,adm1,province,dark_wide,,14,0.3454457677072511,0.2355905718602002,0.1973046853957265,2418238.991214514,nan
2020,adm1,province,dark_wide,,14,0.3200372480325546,0.2051398705053534,0.17074355750035952,2599905.708984375,nan
2021,adm1,province,dark_wide,,14,0.3104490267917297,0.19128926336477847,0.1598394874313682,2700052.312790513,nan
2022,adm1,province,dark_wide,,14,0.3035344638362918,0.18014980785152365,0.15173254441795486,2811252.0890527964,nan
1992,adm2,district,all,,102,0.6755572279810729,0.8613631188770441,nan,812483.0,nan
1993,adm2,district,all,,102,0.6553155669233828,0.7972508810851267,nan,915809.0,nan
1994,adm2,district,all,,102,0.6533578612829198,0.792124848999789,nan,916874.0,nan
1995,adm2,district,all,,102,0.6375809034964464,0.7468007959176052,nan,969357.0,nan
1996,adm2,district,all,,102,0.6449410254999013,0.7670407571749203,nan,950937.0,nan
1997,adm2,district,all,,102,0.6528787548440806,0.7857030537316392,nan,964740.0,nan
1998,adm2,district,all,,102,0.6521572143731984,0.7826529562283191,nan,1000185.0,nan
1999,adm2,district,all,,102,0.6492455578981402,0.7717520438656622,1.0561683012767722,1041684.0,nan
2000,adm2,district,all,,102,0.638463340903614,0.7407937688867245,1.006824204184004,1099210.0,nan
2001,adm2,district,all,,102,0.6359850351030558,0.733040549353877,1.0022183497398836,1123256.0,nan
2002,adm2,district,all,,102,0.6279429181419087,0.711417399607928,0.9501799592063734,1149743.0,nan
2003,adm2,district,all,,102,0.6208371635281382,0.6934665839320454,0.9110689827182915,1168380.0,nan
2004,adm2,district,all,,102,0.6084483576476265,0.6617918224009951,0.8539882036293323,1237442.0,nan
2005,adm2,district,all,,102,0.6021080162996313,0.6463911204993055,0.8306765072499783,1268324.0,nan
2006,adm2,district,all,,102,0.6033105659261064,0.6492733489106082,0.8399139643339869,1266348.0,nan
2007,adm2,district,all,,102,0.613692052983938,0.6745751506727209,0.8797138825862083,1235126.0,nan
2008,adm2,district,all,,102,0.6160636397721304,0.6805911935260264,0.8960200097525104,1232452.0,nan
2009,adm2,district,all,,102,0.6027201589358075,0.646708875810538,0.8530723177698982,1311697.0,nan
2010,adm2,district,all,,102,0.585453079278965,0.6066657176019442,0.7988526338710595,1402281.0,nan
2011,adm2,district,all,,102,0.574300007039436,0.5843387349897964,0.7636422517085955,1447730.0,nan
2012,adm2,district,all,,102,0.5546451271245258,0.5414105570561605,0.7149924625582692,1549001.0,nan
2013,adm2,district,all,,102,0.5274736197588212,0.4837946946736523,0.651323087958349,1707490.0,nan
2014,adm2,district,all,,102,0.5344355969298695,0.4942123390136582,0.7499847664266965,1797744.7086242437,nan
2015,adm2,district,all,,102,0.533537223384112,0.49043896903169293,nan,1917993.246041894,nan
2016,adm2,district,all,,102,0.5249518779409348,0.4729921465486205,nan,2043346.538075447,nan
2017,adm2,district,all,,102,0.496804095152489,0.4216486327102561,nan,2321259.1225402355,nan
2018,adm2,district,all,,102,0.471929627306231,0.37846892236247537,0.6291760733194878,2686375.1597458124,nan
2019,adm2,district,all,,102,0.4582406680853415,0.3536694902337824,0.5409283630022189,2867281.155108571,nan
2020,adm2,district,all,,102,0.4346886864711226,0.3173737302080281,0.4747309446510683,3116690.7162179947,nan
2021,adm2,district,all,,102,0.42487281375899943,0.30281406901014934,0.45321858421176464,3249814.8001041412,nan
2022,adm2,district,all,,102,0.4218205904725416,0.29732877004163494,0.4399343717300065,3401842.2021034956,nan
1992,adm2,district,dark,,86,0.664584682644481,0.8398372769143005,nan,692680.0,nan
1993,adm2,district,dark,,86,0.6432715957097033,0.7735534435848909,nan,783569.0,nan
1994,adm2,district,dark,,86,0.6406067979293635,0.7665395485304999,nan,785971.0,nan
1995,adm2,district,dark,,86,0.6221606753898727,0.7149835299203559,nan,836700.0,nan
1996,adm2,district,dark,,86,0.630701908985889,0.7376365395417956,nan,820633.0,nan
1997,adm2,district,dark,,86,0.6405156206356917,0.7600146911795148,nan,836667.0,nan
1998,adm2,district,dark,,86,0.6399530462457712,0.7570751754025357,nan,872581.0,nan
1999,adm2,district,dark,,86,0.6374725786661364,0.7468689063558767,0.9777663094889009,912565.0,nan
2000,adm2,district,dark,,86,0.6255847488539201,0.7135202345924969,0.9241285388272926,967131.0,nan
2001,adm2,district,dark,,86,0.6226107693462335,0.7046699673326241,0.9177919991260218,991754.0,nan
2002,adm2,district,dark,,86,0.6131033252105775,0.679863573253639,0.856366441483431,1018078.0,nan
2003,adm2,district,dark,,86,0.6044922556691501,0.6587300039958587,0.8112748399859606,1038301.0,nan
2004,adm2,district,dark,,86,0.5911757226126249,0.6255300901895064,0.7499743161129478,1104301.0,nan
2005,adm2,district,dark,,86,0.5843576188798631,0.60954903736474,0.7270616357227553,1132741.0,nan
2006,adm2,district,dark,,86,0.5857136215336372,0.6126802867507797,0.7364885937614547,1132134.0,nan
2007,adm2,district,dark,,86,0.5981160834662933,0.6418143734571756,0.780523496920183,1102711.0,nan
2008,adm2,district,dark,,86,0.6010255250029808,0.6490742617716158,0.799082985158916,1099573.0,nan
2009,adm2,district,dark,,86,0.586450013429012,0.6135385299341846,0.7531628678088124,1171434.0,nan
2010,adm2,district,dark,,86,0.567081941267348,0.5704024402249135,0.6936808695756282,1253705.0,nan
2011,adm2,district,dark,,86,0.5527957029546406,0.5426313072144381,0.6495032837892963,1300902.0,nan
2012,adm2,district,dark,,86,0.5305143393135727,0.496145304583611,0.5976094110747228,1396744.0,nan
2013,adm2,district,dark,,86,0.5014401899267893,0.43761873165096205,0.5341649528366113,1537307.0,nan
2014,adm2,district,dark,,86,0.5050599805529661,0.4396823357927975,0.5978970958246458,1652817.4625331163,nan
2015,adm2,district,dark,,86,0.5044194773599553,0.4359816779070434,nan,1766067.155964017,nan
2016,adm2,district,dark,,86,0.4947409784645198,0.41735051369694626,nan,1880844.7954769135,nan
2017,adm2,district,dark,,86,0.4665906757710607,0.36907141058856274,nan,2105911.934803486,nan
2018,adm2,district,dark,,86,0.4340623927258027,0.3162020730915634,0.4726187690827179,2427602.044144511,nan
2019,adm2,district,dark,,86,0.4203215689447801,0.29365335506101164,0.3883989153519407,2583561.620356679,nan
2020,adm2,district,dark,,86,0.3939600077686656,0.2568044358374701,0.32518309028027514,2803167.567689538,nan
2021,adm2,district,dark,,86,0.3843360543505496,0.2438544576002596,0.30934966097480104,2919285.203900218,nan
2022,adm2,district,dark,,86,0.3823417804560243,0.2403891496633296,0.3032118740632185,3048312.058170557,nan
1992,adm2,district,dark_wide,,76,0.6632632293741665,0.8316247999309886,nan,636099.0,nan
1993,adm2,district,dark_wide,,76,0.6407251142938808,0.7630201783888054,nan,718906.0,nan
1994,adm2,district,dark_wide,,76,0.6386749723747858,0.7578507567496525,nan,719440.0,nan
1995,adm2,district,dark_wide,,76,0.6230744320868116,0.7135772927279341,nan,764487.0,nan
1996,adm2,district,dark_wide,,76,0.6289858724320041,0.7287134990345876,nan,756603.0,nan
1997,adm2,district,dark_wide,,76,0.6376742381916498,0.7473083294715573,nan,776070.0,nan
1998,adm2,district,dark_wide,,76,0.6334484323238077,0.7350029717193897,nan,816063.0,nan
1999,adm2,district,dark_wide,,76,0.6301798262237981,0.7230059803505341,0.9382237337747803,855407.0,nan
2000,adm2,district,dark_wide,,76,0.6189598706383357,0.6921217418360501,0.8889249100792634,906203.0,nan
2001,adm2,district,dark_wide,,76,0.6159965991960861,0.6836685376571507,0.8802386709542858,929350.0,nan
2002,adm2,district,dark_wide,,76,0.6067619221997487,0.659993975577072,0.8159825606597492,953787.0,nan
2003,adm2,district,dark_wide,,76,0.5979731568179221,0.6388494297477281,0.7703772524786282,971552.0,nan
2004,adm2,district,dark_wide,,76,0.5862239990490059,0.6095868674172094,0.7159936229941666,1028635.0,nan
2005,adm2,district,dark_wide,,76,0.5788025949760076,0.59206796280966,0.6868959213343729,1056315.0,nan
2006,adm2,district,dark_wide,,76,0.5797379068481623,0.5940861463443873,0.6913931533851309,1057495.0,nan
2007,adm2,district,dark_wide,,76,0.5910127746683107,0.6199225739779194,0.7322153365207628,1035297.0,nan
2008,adm2,district,dark_wide,,76,0.5934243379954112,0.6258952529845514,0.7457199920703826,1033312.0,nan
2009,adm2,district,dark_wide,,76,0.5801497234720796,0.5940671560170059,0.7001650447116201,1098064.0,nan
2010,adm2,district,dark_wide,,76,0.5642950253645524,0.5586050938994609,0.6467341534678855,1168813.0,nan
2011,adm2,district,dark_wide,,76,0.5508458775237308,0.5322583508436076,0.6009531452219258,1212014.0,nan
2012,adm2,district,dark_wide,,76,0.5281340272113593,0.4852797260146815,0.5437073383203413,1300476.0,nan
2013,adm2,district,dark_wide,,76,0.49840988239103434,0.4262527815647863,0.47459410015402875,1427701.0,nan
2014,adm2,district,dark_wide,,76,0.49794728047140846,0.41871575059211225,0.4743276947349081,1562653.8283964396,nan
2015,adm2,district,dark_wide,,76,0.49426061323026715,0.4104246705329555,0.4760292475841834,1680285.2512727976,nan
2016,adm2,district,dark_wide,,76,0.48380002079803996,0.39128249453078684,0.45392800908878184,1789876.3462997675,nan
2017,adm2,district,dark_wide,,76,0.4534174044118091,0.34050845878568287,0.38921739990940546,2003834.2025710344,nan
2018,adm2,district,dark_wide,,76,0.42062395995471413,0.28946372195596465,0.32268135954002625,2292674.221485138,nan
2019,adm2,district,dark_wide,,76,0.4090693140142101,0.27199659951648447,0.30381469798401833,2418238.991214514,nan
2020,adm2,district,dark_wide,,76,0.3850257658287637,0.23974142022679923,0.26205179234054066,2599905.708984375,nan
2021,adm2,district,dark_wide,,76,0.37598715713890396,0.22785961133195737,0.24768830880218737,2700052.312790513,nan
2022,adm2,district,dark_wide,,76,0.3746109529757473,0.22574165049567615,0.24504457152633874,2811252.0890527964,nan
1992,pixel,pixel (1 km),all,lit_only,65199,0.49320599737642024,0.4248963714222131,0.4277736705255734,812483.0,0.14938001759595293
1993,pixel,pixel (1 km),all,lit_only,68468,0.45990672143975564,0.37206367490185777,0.3541594309907926,915809.0,0.1568697532900766
1994,pixel,pixel (1 km),all,lit_only,68996,0.469995994620257,0.38633637443326263,0.38255862628455956,916874.0,0.15807947505407088
1995,pixel,pixel (1 km),all,lit_only,71882,0.4573578548789956,0.3677079283783105,0.35274726207299667,969357.0,0.16469170424135782
1996,pixel,pixel (1 km),all,lit_only,65441,0.4436008173986752,0.34113689600688335,0.3244155888163306,950937.0,0.14993447340445032
1997,pixel,pixel (1 km),all,lit_only,65034,0.45768184175058146,0.35779743111847057,0.3629733733410736,964740.0,0.1490019795447047
1998,pixel,pixel (1 km),all,lit_only,67737,0.4693658209097977,0.3739391175921567,0.38917451337932263,1000185.0,0.1551949301660618
1999,pixel,pixel (1 km),all,lit_only,72933,0.48641735280065523,0.4026144506746844,0.43135883738412806,1041684.0,0.1670996920708237
2000,pixel,pixel (1 km),all,lit_only,81662,0.49595691881596693,0.422230415462826,0.4398083854467867,1099210.0,0.18709905055170645
2001,pixel,pixel (1 km),all,lit_only,83764,0.5006681788146796,0.4308187403910262,0.4499223892018225,1123256.0,0.19191502621063822
2002,pixel,pixel (1 km),all,lit_only,87565,0.5052417449676221,0.4400370047141895,0.4584192551813382,1149743.0,0.20062364822757434
2003,pixel,pixel (1 km),all,lit_only,89800,0.5063036514952974,0.4431541519348893,0.4567511616002058,1168380.0,0.2057443454672092
2004,pixel,pixel (1 km),all,lit_only,100921,0.5219452124118793,0.47732987834385243,0.48889836326839664,1237442.0,0.23122411012133876
2005,pixel,pixel (1 km),all,lit_only,100041,0.507836178394967,0.45236652718346226,0.4473905014174343,1268324.0,0.22920790718134829
2006,pixel,pixel (1 km),all,lit_only,93856,0.49598454777358936,0.4271432603985833,0.42160945384283377,1266348.0,0.21503720810880164
2007,pixel,pixel (1 km),all,lit_only,84281,0.4832147527149344,0.39886042268679855,0.39978046067387824,1235126.0,0.19309954543788263
2008,pixel,pixel (1 km),all,lit_only,80642,0.47436244361852675,0.3816832794229468,0.3812464555300949,1232452.0,0.1847620880530811
2009,pixel,pixel (1 km),all,lit_only,85462,0.47261920023374193,0.38045880047467157,0.382363329122761,1311697.0,0.19580538142893802
2010,pixel,pixel (1 km),all,lit_only,91769,0.4695672950729346,0.3791024971895186,0.3746183031316789,1402281.0,0.21025559954543788
2011,pixel,pixel (1 km),all,lit_only,89512,0.4589197235323852,0.35887872841343577,0.3535640483882278,1447730.0,0.20508449723230324
2012,pixel,pixel (1 km),all,lit_only,92073,0.45608033880795174,0.35198713382623814,0.3517737465087837,1549001.0,0.2109521060156164
2013,pixel,pixel (1 km),all,lit_only,107104,0.4689429544358352,0.3751247843812212,0.382306476953548,1707490.0,0.24539022691447634
2014,pixel,pixel (1 km),all,lit_only,108841,0.5024864817114076,0.42367047594711527,0.49128880192218716,1797744.7086242437,0.24936993658125298
2015,pixel,pixel (1 km),all,lit_only,114610,0.5137032844500271,0.4415772460439737,0.5291288096199019,1917993.246041894,0.2625875215367132
2016,pixel,pixel (1 km),all,lit_only,123350,0.5236206192318387,0.45857168070550164,0.5524914328821635,2043346.538075447,0.28261208255434583
2017,pixel,pixel (1 km),all,lit_only,145927,0.5380321197144282,0.4856618557688609,0.5804630699390713,2321259.1225402355,0.33433914366362405
2018,pixel,pixel (1 km),all,lit_only,160470,0.5302232612886302,0.46887712159228845,0.5520755300254494,2686375.1597458124,0.36765918838667105
2019,pixel,pixel (1 km),all,lit_only,166792,0.5257633711643983,0.45973849786287413,0.5416426862064228,2867281.155108571,0.38214377359873897
2020,pixel,pixel (1 km),all,lit_only,178617,0.5240191200193909,0.4563043590216552,0.5393842086220028,3116690.7162179947,0.4092365006048609
2021,pixel,pixel (1 km),all,lit_only,184607,0.5220244506665384,0.4525768294749819,0.5315069979706943,3249814.8001041412,0.42296042743502327
2022,pixel,pixel (1 km),all,lit_only,190396,0.5231242009642758,0.45469625903888566,0.5368184159248135,3401842.2021034956,0.4362238351845742
1992,pixel,pixel (1 km),all,zeros_included,436464,0.9242951029705662,2.326158137682205,nan,812483.0,0.14938001759595293
1993,pixel,pixel (1 km),all,zeros_included,436464,0.9152757006386258,2.224403089720107,nan,915809.0,0.1568697532900766
1994,pixel,pixel (1 km),all,zeros_included,436464,0.916217245053015,2.230993740182547,nan,916874.0,0.15807947505407088
1995,pixel,pixel (1 km),all,zeros_included,436464,0.9106313403268356,2.17138794035034,nan,969357.0,0.16469170424135782
1996,pixel,pixel (1 km),all,zeros_included,436464,0.9165765815540037,2.238693820307221,nan,950937.0,0.14993447340445032
1997,pixel,pixel (1 km),all,zeros_included,436464,0.9191935208777982,2.2615931187084697,nan,964740.0,0.1490019795447047
1998,pixel,pixel (1 km),all,zeros_included,436464,0.9176482656323703,2.2370124558145235,nan,1000185.0,0.1551949301660618
1999,pixel,pixel (1 km),all,zeros_included,436464,0.9141804978000709,2.1917791368409913,nan,1041684.0,0.1670996920708237
2000,pixel,pixel (1 km),all,zeros_included,436464,0.9056940180733106,2.098347535727734,nan,1099210.0,0.18709905055170645
2001,pixel,pixel (1 km),all,zeros_included,436464,0.9041707204494134,2.0815213171287867,nan,1123256.0,0.19191502621063822
2002,pixel,pixel (1 km),all,zeros_included,436464,0.9007397938846957,2.0463615276412286,nan,1149743.0,0.20062364822757434
2003,pixel,pixel (1 km),all,zeros_included,436464,0.8984247679173487,2.0242750742784024,nan,1168380.0,0.2057443454672092
2004,pixel,pixel (1 km),all,zeros_included,436464,0.889462207150691,1.9416977434330707,nan,1237442.0,0.23122411012133876
2005,pixel,pixel (1 km),all,zeros_included,436464,0.8871921604595359,1.9254923228740715,nan,1268324.0,0.22920790718134829
2006,pixel,pixel (1 km),all,zeros_included,436464,0.8916179243095375,1.96408746525521,nan,1266348.0,0.21503720810880164
2007,pixel,pixel (1 km),all,zeros_included,436464,0.9002090036602499,2.0434098662616678,nan,1235126.0,0.19309954543788263
2008,pixel,pixel (1 km),all,zeros_included,436464,0.9028821075238398,2.070369571471808,nan,1232452.0,0.1847620880530811
2009,pixel,pixel (1 km),all,zeros_included,436464,0.8967360013434693,2.011092865422774,nan,1311697.0,0.19580538142893802
2010,pixel,pixel (1 km),all,zeros_included,436464,0.8884735536070514,1.9385338448768699,nan,1402281.0,0.21025559954543788
2011,pixel,pixel (1 km),all,zeros_included,436464,0.8890328235383234,1.943211931559683,nan,1447730.0,0.20508449723230324
2012,pixel,pixel (1 km),all,zeros_included,436464,0.8852590019682367,1.9081112908054425,nan,1549001.0,0.2109521060156164
2013,pixel,pixel (1 km),all,zeros_included,436464,0.8696837910844781,1.7800303570039722,nan,1707490.0,0.24539022691447634
2014,pixel,pixel (1 km),all,zeros_included,436464,0.8759350854960573,1.8124882719273407,nan,1797744.7086242437,0.24936993658125298
2015,pixel,pixel (1 km),all,zeros_included,436464,0.8723045507322886,1.7787480831870328,nan,1917993.246041894,0.2625875215367132
2016,pixel,pixel (1 km),all,zeros_included,436464,0.8653694311151601,1.7222517353818023,nan,2043346.538075447,0.28261208255434583
2017,pixel,pixel (1 km),all,zeros_included,436464,0.8455460545052225,1.5812612567538737,nan,2321259.1225402355,0.33433914366362405
2018,pixel,pixel (1 km),all,zeros_included,436464,0.8272822655224406,1.469476010032687,nan,2686375.1597458124,0.36765918838667105
2019,pixel,pixel (1 km),all,zeros_included,436464,0.8187734250780183,1.421696868370786,nan,2867281.155108571,0.38214377359873897
2020,pixel,pixel (1 km),all,zeros_included,436464,0.8052112503219131,1.3497664079902694,nan,3116690.7162179947,0.4092365006048609
2021,pixel,pixel (1 km),all,zeros_included,436464,0.7978352573504288,1.313053485950183,nan,3249814.8001041412,0.42296042743502327
2022,pixel,pixel (1 km),all,zeros_included,436464,0.7919754100379279,1.2842960429573287,nan,3401842.2021034956,0.4362238351845742
1992,pixel,pixel (1 km),dark,lit_only,55797,0.4943381881077873,0.42960893547212564,0.4280882841112339,692680.0,0.25047921314772337
1993,pixel,pixel (1 km),dark,lit_only,58912,0.46189741009845053,0.3780365722941354,0.3571317979015494,783569.0,0.2644628099173554
1994,pixel,pixel (1 km),dark,lit_only,59590,0.47258652562016845,0.3933157965226145,0.38663257517935345,785971.0,0.2675064306588676
1995,pixel,pixel (1 km),dark,lit_only,62580,0.4595498373722604,0.3740816575145673,0.35600800604412347,836700.0,0.28092888791125914
1996,pixel,pixel (1 km),dark,lit_only,56795,0.4460814502940902,0.34719411922812926,0.3278993324941318,820633.0,0.2549593510533711
1997,pixel,pixel (1 km),dark,lit_only,56680,0.4616548859776215,0.36564314718239854,0.3691777708413706,836667.0,0.25444310269750986
1998,pixel,pixel (1 km),dark,lit_only,59251,0.47314454741747425,0.3812974986759403,0.3949916288452124,872581.0,0.2659846202881115
1999,pixel,pixel (1 km),dark,lit_only,63853,0.48947028233751855,0.4089160434522531,0.4357547252609767,912565.0,0.2866435327548359
2000,pixel,pixel (1 km),dark,lit_only,71869,0.49855633821094525,0.4282802556028846,0.4433328111936073,967131.0,0.32262828771643154
2001,pixel,pixel (1 km),dark,lit_only,74037,0.503310918280675,0.43723571391417404,0.45332868102466706,991754.0,0.3323606915034499
2002,pixel,pixel (1 km),dark,lit_only,77992,0.5091114633431568,0.44892523954246094,0.46492462728900613,1018078.0,0.3501151458289377
2003,pixel,pixel (1 km),dark,lit_only,80435,0.5102545247987029,0.4524812708819558,0.4633205718393387,1038301.0,0.3610820565538851
2004,pixel,pixel (1 km),dark,lit_only,90507,0.5247574965751558,0.48522432556953965,0.49284474367910436,1104301.0,0.40629643429505163
2005,pixel,pixel (1 km),dark,lit_only,89585,0.5106962226061957,0.45994245618105556,0.45190372986461247,1132741.0,0.4021574692158861
2006,pixel,pixel (1 km),dark,lit_only,84069,0.49900533902364264,0.43453597629570495,0.42632213409284453,1132134.0,0.3773955045990995
2007,pixel,pixel (1 km),dark,lit_only,74960,0.4856195762739033,0.4042021883631081,0.4027102562989515,1102711.0,0.33650414569875337
2008,pixel,pixel (1 km),dark,lit_only,71559,0.4767184863820866,0.3865753910779799,0.38445074443768823,1099573.0,0.3212366617136752
2009,pixel,pixel (1 km),dark,lit_only,75934,0.47500271954311546,0.3853565928110125,0.38593517284507284,1171434.0,0.34087654481709095
2010,pixel,pixel (1 km),dark,lit_only,81484,0.4710345633377826,0.3824469685733515,0.37681382078199926,1253705.0,0.36579113938256697
2011,pixel,pixel (1 km),dark,lit_only,80122,0.4610713980772956,0.3632323731788418,0.3572583275826286,1300902.0,0.359676963202715
2012,pixel,pixel (1 km),dark,lit_only,82298,0.4573052782455498,0.3544327632602892,0.35367600879838046,1396744.0,0.3694452799188368
2013,pixel,pixel (1 km),dark,lit_only,95745,0.4688136075533227,0.37566222045763265,0.3809616226744202,1537307.0,0.4298104246254955
2014,pixel,pixel (1 km),dark,lit_only,100269,0.5034286520700144,0.42603404388175004,0.49224010162675186,1652817.4625331163,0.45011918603346185
2015,pixel,pixel (1 km),dark,lit_only,105639,0.5145018114748623,0.44361998001836767,0.5296330226518233,1766067.155964017,0.47422573969411164
2016,pixel,pixel (1 km),dark,lit_only,112766,0.5218501929158661,0.4556411499145827,0.5467733140930362,1880844.7954769135,0.5062196704090931
2017,pixel,pixel (1 km),dark,lit_only,130966,0.5368393525571722,0.4834802618524454,0.5788666891755551,2105911.934803486,0.5879215841193027
2018,pixel,pixel (1 km),dark,lit_only,144250,0.5277320590003791,0.4641468897117277,0.5462407581202863,2427602.044144511,0.64755500289548
2019,pixel,pixel (1 km),dark,lit_only,149754,0.522879665353656,0.45427198433095833,0.5349874335411404,2583561.620356679,0.6722630981186114
2020,pixel,pixel (1 km),dark,lit_only,159810,0.5197963997219188,0.4482836969888717,0.5282750506025957,2803167.567689538,0.7174056500015712
2021,pixel,pixel (1 km),dark,lit_only,164786,0.5178082769129102,0.44457295881468356,0.5208089747934329,2919285.203900218,0.739743491903879
2022,pixel,pixel (1 km),dark,lit_only,169031,0.5180959128203182,0.4450111878322003,0.5241612658816548,3048312.058170557,0.7587997899093647
1992,pixel,pixel (1 km),dark,zeros_included,222761,0.8733422272383864,1.8139882788187078,nan,692680.0,0.25047921314772337
1993,pixel,pixel (1 km),dark,zeros_included,222761,0.8576918770508299,1.7080912150911498,nan,783569.0,0.2644628099173554
1994,pixel,pixel (1 km),dark,zeros_included,222761,0.8589135039872591,1.7119274696114088,nan,785971.0,0.2675064306588676
1995,pixel,pixel (1 km),dark,zeros_included,222761,0.8481719368415299,1.6437353671215131,nan,836700.0,0.28092888791125914
1996,pixel,pixel (1 km),dark,zeros_included,222761,0.8587732860305568,1.7138452733924263,nan,820633.0,0.2549593510533711
1997,pixel,pixel (1 km),dark,zeros_included,222761,0.8630217988661013,1.7343211802076008,nan,836667.0,0.25444310269750986
1998,pixel,pixel (1 km),dark,zeros_included,222761,0.8598645524981159,1.7056142890136765,nan,872581.0,0.2659846202881115
1999,pixel,pixel (1 km),dark,zeros_included,222761,0.8536599581528974,1.658431924803775,nan,912565.0,0.2866435327548359
2000,pixel,pixel (1 km),dark,zeros_included,222761,0.8382200900107399,1.5595346860784254,nan,967131.0,0.32262828771643154
2001,pixel,pixel (1 km),dark,zeros_included,222761,0.8349200733375517,1.5387701935160356,nan,991754.0,0.3323606915034499
2002,pixel,pixel (1 km),dark,zeros_included,222761,0.8281324884026355,1.4984184300631722,nan,1018078.0,0.3501151458289377
2003,pixel,pixel (1 km),dark,zeros_included,222761,0.823161696626356,1.4711313138873663,nan,1038301.0,0.3610820565538851
2004,pixel,pixel (1 km),dark,zeros_included,222761,0.806910665433032,1.38589657763625,nan,1104301.0,0.40629643429505163
2005,pixel,pixel (1 km),dark,zeros_included,222761,0.8032228312055345,1.3708540087768761,nan,1132741.0,0.4021574692158861
2006,pixel,pixel (1 km),dark,zeros_included,222761,0.8109268671193728,1.4089975339164558,nan,1132134.0,0.3773955045990995
2007,pixel,pixel (1 km),dark,zeros_included,222761,0.8269088549498871,1.4933469982806233,nan,1102711.0,0.33650414569875337
2008,pixel,pixel (1 km),dark,zeros_included,222761,0.8319027934289025,1.5221525546700958,nan,1099573.0,0.3212366617136752
2009,pixel,pixel (1 km),dark,zeros_included,222761,0.821040740999488,1.4615914987210077,nan,1171434.0,0.34087654481709095
2010,pixel,pixel (1 km),dark,zeros_included,222761,0.8065091302293304,1.3881397344657225,nan,1253705.0,0.36579113938256697
2011,pixel,pixel (1 km),dark,zeros_included,222761,0.8061597970773569,1.3857813479843,nan,1300902.0,0.359676963202715
2012,pixel,pixel (1 km),dark,zeros_included,222761,0.7995039966109518,1.350185405056803,nan,1396744.0,0.3694452799188368
2013,pixel,pixel (1 km),dark,zeros_included,222761,0.7716905511072085,1.2200732609291842,nan,1537307.0,0.4298104246254955
2014,pixel,pixel (1 km),dark,zeros_included,222761,0.7764837090622161,1.2242769173160328,nan,1652817.4625331163,0.45011918603346185
2015,pixel,pixel (1 km),dark,zeros_included,222761,0.7697642624265149,1.1896918065932434,nan,1766067.155964017,0.47422573969411164
2016,pixel,pixel (1 km),dark,zeros_included,222761,0.7579511622516986,1.1364257225736907,nan,1880844.7954769135,0.5062196704090931
2017,pixel,pixel (1 km),dark,zeros_included,222761,0.7276978584536906,1.0146419621705585,nan,2105911.934803486,0.5879215841193027
2018,pixel,pixel (1 km),dark,zeros_included,222761,0.6941805320985481,0.8986984321712004,nan,2427602.044144511,0.64755500289548
2019,pixel,pixel (1 km),dark,zeros_included,222761,0.6792496056552602,0.85137748435451,nan,2583561.620356679,0.6722630981186114
2020,pixel,pixel (1 km),dark,zeros_included,222761,0.6554992240094086,0.7803975352395361,nan,2803167.567689538,0.7174056500015712
2021,pixel,pixel (1 km),dark,zeros_included,222761,0.6433018109964077,0.7460247442518839,nan,2919285.203900218,0.739743491903879
2022,pixel,pixel (1 km),dark,zeros_included,222761,0.6343312798915934,0.7210285056257297,nan,3048312.058170557,0.7587997899093647
1992,pixel,pixel (1 km),dark_wide,lit_only,50251,0.49559767615614825,0.4295367130010118,0.4303580441891742,636099.0,0.27176070391381707
1993,pixel,pixel (1 km),dark_wide,lit_only,53023,0.46405451044211543,0.37922305013933083,0.3602360051117228,718906.0,0.286751861726579
1994,pixel,pixel (1 km),dark_wide,lit_only,52947,0.4714793957205772,0.3889705673483411,0.3824792157756214,719440.0,0.28634084874181354
1995,pixel,pixel (1 km),dark_wide,lit_only,55413,0.46060841746140535,0.3723121833337166,0.3574368256540673,764487.0,0.2996771384843355
1996,pixel,pixel (1 km),dark_wide,lit_only,51415,0.4487240447839933,0.3489430767894264,0.33272426166437,756603.0,0.2780556922594357
1997,pixel,pixel (1 km),dark_wide,lit_only,51898,0.4653762176281653,0.36963121412281785,0.3769564252557707,776070.0,0.2806677879389321
1998,pixel,pixel (1 km),dark_wide,lit_only,54959,0.4759690572509825,0.38481786617176966,0.40036229709967996,816063.0,0.2972218767069207
1999,pixel,pixel (1 km),dark_wide,lit_only,59348,0.4922009871661166,0.41255578573527135,0.4412747883588707,855407.0,0.32095787657712715
2000,pixel,pixel (1 km),dark_wide,lit_only,66115,0.4981136861897839,0.4263213976283593,0.4414933297837572,906203.0,0.35755425641802185
2001,pixel,pixel (1 km),dark_wide,lit_only,67849,0.5019613062376416,0.4335324289451391,0.4494791246631124,929350.0,0.36693184214938157
2002,pixel,pixel (1 km),dark_wide,lit_only,71365,0.5080182873681924,0.4454506150695873,0.46272026799005916,953787.0,0.385946600760374
2003,pixel,pixel (1 km),dark_wide,lit_only,73023,0.5076554164148273,0.44587968921562865,0.45738161875493955,971552.0,0.3949131735069683
2004,pixel,pixel (1 km),dark_wide,lit_only,80353,0.5198621660989262,0.4724993640176032,0.4827036287679547,1028635.0,0.43455429427448095
2005,pixel,pixel (1 km),dark_wide,lit_only,80530,0.5106955361646339,0.45601203984653543,0.4542556017536454,1056315.0,0.43551152188373743
2006,pixel,pixel (1 km),dark_wide,lit_only,75940,0.49899035560160443,0.4312038628215995,0.4282151293451703,1057495.0,0.4106885008301381
2007,pixel,pixel (1 km),dark_wide,lit_only,68782,0.48660185660691146,0.4038127017853418,0.40591593050028985,1035297.0,0.3719775673439367
2008,pixel,pixel (1 km),dark_wide,lit_only,65791,0.4775777883458785,0.3861432906967651,0.3872987672861446,1033312.0,0.3558020431671795
2009,pixel,pixel (1 km),dark_wide,lit_only,68905,0.47367697565748457,0.3806270500454413,0.38362252962392784,1098064.0,0.37264275941138614
2010,pixel,pixel (1 km),dark_wide,lit_only,73034,0.4697831205379923,0.37693317803389625,0.3753164038144734,1168813.0,0.3949726622284475
2011,pixel,pixel (1 km),dark_wide,lit_only,71726,0.4598713965672232,0.3579610714511937,0.35679335345750984,1212014.0,0.38789891243801006
2012,pixel,pixel (1 km),dark_wide,lit_only,73360,0.45456806146943474,0.3469937413672026,0.35062579615797196,1300476.0,0.39673569161046784
2013,pixel,pixel (1 km),dark_wide,lit_only,86235,0.4700747651669286,0.3750819789555057,0.38504999264304934,1427701.0,0.46636453606909345
2014,pixel,pixel (1 km),dark_wide,lit_only,93601,0.5052877567296183,0.4287526454193237,0.4985332027549931,1562653.8283964396,0.5062003471978108
2015,pixel,pixel (1 km),dark_wide,lit_only,99581,0.5170001638797184,0.4477859017008596,0.5380866660110355,1680285.2512727976,0.5385405794201472
2016,pixel,pixel (1 km),dark_wide,lit_only,105982,0.5233809142865378,0.45809723577964845,0.5531043598684202,1789876.3462997675,0.5731576072554608
2017,pixel,pixel (1 km),dark_wide,lit_only,122259,0.537045440176255,0.48322808360777725,0.5827480882607792,2003834.2025710344,0.6611846908479306
2018,pixel,pixel (1 km),dark_wide,lit_only,132177,0.5264358976412526,0.4607699349303157,0.5487155426533532,2292674.221485138,0.7148218853598256
2019,pixel,pixel (1 km),dark_wide,lit_only,134264,0.5192725800430322,0.44640090822416767,0.534656793060437,2418238.991214514,0.7261085182441093
2020,pixel,pixel (1 km),dark_wide,lit_only,142065,0.517829790975902,0.4436561369220372,0.5328537767220555,2599905.708984375,0.7682968379040501
2021,pixel,pixel (1 km),dark_wide,lit_only,146369,0.516512771178882,0.4412757574099264,0.5268756330221424,2700052.312790513,0.7915731521991899
2022,pixel,pixel (1 km),dark_wide,lit_only,149498,0.5161610271233978,0.4407304133547919,0.527944098688222,2811252.0890527964,0.8084949894272317
1992,pixel,pixel (1 km),dark_wide,zeros_included,184909,0.8629232694164295,1.7323700779302555,nan,636099.0,0.27176070391381707
1993,pixel,pixel (1 km),dark_wide,zeros_included,184909,0.8463166330853136,1.6283610806253774,nan,718906.0,0.286751861726579
1994,pixel,pixel (1 km),dark_wide,zeros_included,184909,0.8486629615930938,1.6395429662977319,nan,719440.0,0.28634084874181354
1995,pixel,pixel (1 km),dark_wide,zeros_included,184909,0.8383566740222965,1.5773617722363533,nan,764487.0,0.2996771384843355
1996,pixel,pixel (1 km),dark_wide,zeros_included,184909,0.8467145826464315,1.6288769302762016,nan,756603.0,0.2780556922594357
1997,pixel,pixel (1 km),dark_wide,zeros_included,184909,0.8499483256221521,1.6402147725068934,nan,776070.0,0.2806677879389321
1998,pixel,pixel (1 km),dark_wide,zeros_included,184909,0.8442465397436401,1.598094225642083,nan,816063.0,0.2972218767069207
1999,pixel,pixel (1 km),dark_wide,zeros_included,184909,0.8370179071128754,1.5490011758146531,nan,855407.0,0.32095787657712715
2000,pixel,pixel (1 km),dark_wide,zeros_included,184909,0.8205484122592062,1.4547895597875022,nan,906203.0,0.35755425641802185
2001,pixel,pixel (1 km),dark_wide,zeros_included,184909,0.8172537446361059,1.4361115933343167,nan,929350.0,0.36693184214938157
2002,pixel,pixel (1 km),dark_wide,zeros_included,184909,0.8101213303734867,1.3975068741557846,nan,953787.0,0.385946600760374
2003,pixel,pixel (1 km),dark_wide,zeros_included,184909,0.8055666380374125,1.3749690413656714,nan,971552.0,0.3949131735069683
2004,pixel,pixel (1 km),dark_wide,zeros_included,184909,0.7913540424346408,1.3059337480468591,nan,1028635.0,0.43455429427448095
2005,pixel,pixel (1 km),dark_wide,zeros_included,184909,0.7869022682905533,1.2872460662070113,nan,1056315.0,0.43551152188373743
2006,pixel,pixel (1 km),dark_wide,zeros_included,184909,0.7942411002405823,1.3211241201858723,nan,1057495.0,0.4106885008301381
2007,pixel,pixel (1 km),dark_wide,zeros_included,184909,0.8090274075417452,1.3927344311515013,nan,1035297.0,0.3719775673439367
2008,pixel,pixel (1 km),dark_wide,zeros_included,184909,0.8141211096975467,1.4195240520039039,nan,1033312.0,0.3558020431671795
2009,pixel,pixel (1 km),dark_wide,zeros_included,184909,0.8038695358672587,1.3677621178862625,nan,1098064.0,0.37264275941138614
2010,pixel,pixel (1 km),dark_wide,zeros_included,184909,0.7905788275604309,1.3058719040582372,nan,1168813.0,0.3949726622284475
2011,pixel,pixel (1 km),dark_wide,zeros_included,184909,0.7904847021517645,1.3049715797087669,nan,1212014.0,0.38789891243801006
2012,pixel,pixel (1 km),dark_wide,zeros_included,184909,0.783607682640638,1.2714787255869227,nan,1300476.0,0.39673569161046784
2013,pixel,pixel (1 km),dark_wide,zeros_included,184909,0.752861663705769,1.137869663380071,nan,1427701.0,0.46636453606909345
2014,pixel,pixel (1 km),dark_wide,zeros_included,184909,0.7495764906935252,1.1095753904000938,nan,1562653.8283964396,0.5062003471978108
2015,pixel,pixel (1 km),dark_wide,zeros_included,184909,0.7398849883959475,1.0666783305280305,nan,1680285.2512727976,0.5385405794201472
2016,pixel,pixel (1 km),dark_wide,zeros_included,184909,0.7268221452601864,1.01469177957584,nan,1789876.3462997675,0.5731576072554608
2017,pixel,pixel (1 km),dark_wide,zeros_included,184909,0.6939015324862972,0.8969501504986155,nan,2003834.2025710344,0.6611846908479306
2018,pixel,pixel (1 km),dark_wide,zeros_included,184909,0.6614860155131868,0.7964918136366992,nan,2292674.221485138,0.7148218853598256
2019,pixel,pixel (1 km),dark_wide,zeros_included,184909,0.6509397254157321,0.7664567093862189,nan,2418238.991214514,0.7261085182441093
2020,pixel,pixel (1 km),dark_wide,zeros_included,184909,0.6295501530752503,0.7072352497437919,nan,2599905.708984375,0.7682968379040501
2021,pixel,pixel (1 km),dark_wide,zeros_included,184909,0.6172844902340164,0.6750087391064316,nan,2700052.312790513,0.7915731521991899
2022,pixel,pixel (1 km),dark_wide,zeros_included,184909,0.6088186147396488,0.6533112107078867,nan,2811252.0890527964,0.8084949894272317
