year,scope,zeros,grouping,unit,pixels,mean_dn,population_share,value_share,theil_t,within_contribution
1992,all,zeros_included,district,Berea,2000,0.2975,0.06546859144325509,0.13316920322291853,3.543972062257142,0.471947935775067
1992,all,zeros_included,district,Butha-Buthe,1786,0.24804031354983203,0.058463452158826805,0.09914950760966876,3.285681275751843,0.3257736806531035
1992,all,zeros_included,district,Leribe,2828,0.33663366336633666,0.0925725883007627,0.21307072515666964,3.4629718183926474,0.7378579165420323
1992,all,zeros_included,district,Mafeteng,2651,0.07582044511505093,0.08677861795803463,0.04498657117278424,4.200361668601616,0.18895986915598137
1992,all,zeros_included,district,Maseru,3766,0.5238980350504514,0.12327735768764934,0.4415846016114593,3.6259872141610154,1.601180119413537
1992,all,zeros_included,district,Mohale's Hoek,3440,0.023546511627906976,0.11260597728239877,0.01812891674127126,5.288440100394105,0.09587369027124497
1992,all,zeros_included,district,Mokhotlong,4158,0.0,0.13610920161052734,0.0,0.0,0.0
1992,all,zeros_included,district,Qacha's Nek,2123,0.0009420631182289214,0.06949490981701528,0.0004476275738585497,6.967438281143311,0.003118817493797364
1992,all,zeros_included,district,Quthing,2970,0.0003367003367003367,0.09722085829323382,0.00022381378692927484,7.996317231796745,0.0017896860411362454
1992,all,zeros_included,district,Thaba-Tseka,4827,0.045576962916925624,0.15800844544829618,0.049239033124440466,5.883965850616755,0.2897207894215949
1992,all,lit_only,district,Berea,89,6.685393258426966,0.15808170515097691,0.13316920322291853,0.43170597244719877,0.05748994037736868
1992,all,lit_only,district,Butha-Buthe,78,5.67948717948718,0.13854351687388988,0.09914950760966876,0.15465634100499037,0.015334100059357819
1992,all,lit_only,district,Leribe,125,7.616,0.22202486678507993,0.21307072515666964,0.3439605286784855,0.07328791927079636
1992,all,lit_only,district,Mafeteng,46,4.369565217391305,0.08170515097690942,0.04498657117278424,0.14631085880168526,0.0065820238628332
1992,all,lit_only,district,Maseru,185,10.664864864864866,0.3285968028419183,0.4415846016114593,0.6125743300222428,0.2705033914802787
1992,all,lit_only,district,Mohale's Hoek,20,4.05,0.035523978685612786,0.01812891674127126,0.14094562358065144,0.0025551914749401892
1992,all,lit_only,district,Qacha's Nek,2,1.0,0.003552397868561279,0.0004476275738585497,0.0,0.0
1992,all,lit_only,district,Quthing,1,1.0,0.0017761989342806395,0.00022381378692927484,0.0,0.0
1992,all,lit_only,district,Thaba-Tseka,17,12.941176470588236,0.03019538188277087,0.049239033124440466,0.23519875901247778,0.011580959485842684
1993,all,zeros_included,district,Berea,2000,0.4695,0.06546859144325509,0.12568598581180565,3.214564268803633,0.4040256790799908
1993,all,zeros_included,district,Butha-Buthe,1786,0.4496080627099664,0.058463452158826805,0.10748226475706063,2.9083208311120528,0.3125929095680603
1993,all,zeros_included,district,Leribe,2828,0.5721357850070722,0.0925725883007627,0.2165707401954223,3.0295297401593775,0.6561074982703617
1993,all,zeros_included,district,Mafeteng,2651,0.1014711429649189,0.08677861795803463,0.03600588943916477,4.146576627981251,0.1493011796181176
1993,all,zeros_included,district,Maseru,3766,0.817578332448221,0.12327735768764934,0.4121268906438228,3.4135868053698246,1.4068309160398462
1993,all,zeros_included,district,Mohale's Hoek,3440,0.04680232558139535,0.11260597728239877,0.021549993307455495,4.752706229410937,0.10242078743610773
1993,all,zeros_included,district,Mokhotlong,4158,0.008658008658008658,0.13610920161052734,0.004818632043903092,5.900172830800172,0.028430761867060124
1993,all,zeros_included,district,Qacha's Nek,2123,0.0009420631182289214,0.06949490981701528,0.0002677017802168384,7.660585461703256,0.002050752365601193
1993,all,zeros_included,district,Quthing,2970,0.0053872053872053875,0.09722085829323382,0.0021416142417347074,6.242211900797457,0.013368409906673713
1993,all,zeros_included,district,Thaba-Tseka,4827,0.11352807126579656,0.15800844544829618,0.07335028777941373,5.310154619187482,0.38950136947058495
1993,all,lit_only,district,Berea,106,8.858490566037736,0.14600550964187328,0.12568598581180565,0.27710090337361803,0.03482770020985509
1993,all,lit_only,district,Butha-Buthe,109,7.36697247706422,0.15013774104683195,0.10748226475706064,0.11193495190475189,0.012031022136195392
1993,all,lit_only,district,Leribe,178,9.089887640449438,0.24517906336088155,0.21657074019542233,0.26398826343499904,0.05717213361502189
1993,all,lit_only,district,Mafeteng,46,5.8478260869565215,0.06336088154269973,0.03600588943916477,0.09252581818132,0.0033314743797048696
1993,all,lit_only,district,Maseru,203,15.167487684729064,0.2796143250688705,0.41212689064382285,0.4930240751945143,0.2031884791224615
1993,all,lit_only,district,Mohale's Hoek,34,4.735294117647059,0.046831955922865015,0.0215499933074555,0.13584000365965498,0.0029273511697502953
1993,all,lit_only,district,Mokhotlong,12,3.0,0.01652892561983471,0.004818632043903093,0.05229001217021456,0.00025196632821947857
1993,all,lit_only,district,Qacha's Nek,1,2.0,0.0013774104683195593,0.0002677017802168385,0.0,0.0
1993,all,lit_only,district,Quthing,6,2.6666666666666665,0.008264462809917356,0.002141614241734708,0.037654138228767176,8.064063869097508e-05
1993,all,lit_only,district,Thaba-Tseka,31,17.677419354838708,0.04269972451790634,0.07335028777941374,0.2621613880121365,0.019229613255340762
1994,all,zeros_included,district,Berea,2000,0.4865,0.06546859144325509,0.12394904458598727,3.1678638762070275,0.39265370083432327
1994,all,zeros_included,district,Butha-Buthe,1786,0.48824188129899215,0.058463452158826805,0.1110828025477707,2.832815490940001,0.3146770838343543
1994,all,zeros_included,district,Leribe,2828,0.6326025459688827,0.0925725883007627,0.22789808917197452,2.9441003329330546,0.6709548402060171
1994,all,zeros_included,district,Mafeteng,2651,0.1041116559788759,0.08677861795803463,0.03515923566878981,4.1282771928039885,0.14514707072788546
1994,all,zeros_included,district,Maseru,3766,0.8228890069038768,0.12327735768764934,0.3947770700636943,3.4052016542827097,1.344295532053773
1994,all,zeros_included,district,Mohale's Hoek,3440,0.06686046511627906,0.11260597728239877,0.02929936305732484,4.507874654920731,0.13207785613143544
1994,all,zeros_included,district,Mokhotlong,4158,0.006012506012506013,0.13610920161052734,0.0031847133757961785,6.454146889180155,0.020554607927325337
1994,all,zeros_included,district,Qacha's Nek,2123,0.0,0.06949490981701528,0.0,0.0,0.0
1994,all,zeros_included,district,Quthing,2970,0.003703703703703704,0.09722085829323382,0.0014012738853503184,6.150097012475112,0.008617970335952387
1994,all,zeros_included,district,Thaba-Tseka,4827,0.11912160762378289,0.15800844544829618,0.0732484076433121,5.312486512006986,0.38913117763108496
1994,all,lit_only,district,Berea,116,8.387931034482758,0.14609571788413098,0.12394904458598728,0.32055160777130975,0.03973206552375598
1994,all,lit_only,district,Butha-Buthe,122,7.147540983606557,0.15365239294710328,0.11108280254777071,0.14910277423681317,0.016562754029872753
1994,all,lit_only,district,Leribe,206,8.684466019417476,0.2594458438287154,0.22789808917197454,0.3246514747061724,0.07398745073240032
1994,all,lit_only,district,Mafeteng,48,5.75,0.060453400503778336,0.03515923566878981,0.116785997422854,0.004106106406204803
1994,all,lit_only,district,Maseru,208,14.899038461538462,0.2619647355163728,0.39477707006369434,0.5089710247669301,0.20093008990480468
1994,all,lit_only,district,Mohale's Hoek,47,4.8936170212765955,0.05919395465994962,0.029299363057324845,0.21479550626334576,0.00629337152109166
1994,all,lit_only,district,Mokhotlong,7,3.5714285714285716,0.008816120906801008,0.0031847133757961785,0.06726756981751025,0.0002142279293551282
1994,all,lit_only,district,Quthing,7,1.5714285714285714,0.008816120906801008,0.0014012738853503186,0.09968992973368007,0.00013969289516821412
1994,all,lit_only,district,Thaba-Tseka,33,17.424242424242426,0.041561712846347604,0.07324840764331211,0.3270136378129731,0.023953228247447077
1995,all,zeros_included,district,Berea,2000,0.524,0.06546859144325509,0.11743612729717616,3.037893824699823,0.3567584859127538
1995,all,zeros_included,district,Butha-Buthe,1786,0.6578947368421053,0.058463452158826805,0.1316674137158225,3.0477719377459684,0.4012922486386724
1995,all,zeros_included,district,Leribe,2828,0.7715700141442716,0.0925725883007627,0.24450918870461677,2.714022747718505,0.6636035001705264
1995,all,zeros_included,district,Mafeteng,2651,0.13391173142210486,0.08677861795803463,0.03978036754818467,3.9893993140008517,0.15869977100742966
1995,all,zeros_included,district,Maseru,3766,0.8454593733404142,0.12327735768764934,0.3567906768265352,3.3690742978324426,1.2020542990025211
1995,all,zeros_included,district,Mohale's Hoek,3440,0.0747093023255814,0.11260597728239877,0.028798744957418198,4.371546208198532,0.1258950443194781
1995,all,zeros_included,district,Mokhotlong,4158,0.006012506012506013,0.13610920161052734,0.002801434334379202,6.565050438069747,0.018391557704139812
1995,all,zeros_included,district,Qacha's Nek,2123,0.0,0.06949490981701528,0.0,0.0,0.0
1995,all,zeros_included,district,Quthing,2970,0.005723905723905724,0.09722085829323382,0.0019049753473778575,6.152455793835379,0.011720276613088464
1995,all,zeros_included,district,Thaba-Tseka,4827,0.14108141702921068,0.15800844544829618,0.07631107126848946,5.114635463996548,0.3903033114053842
1995,all,lit_only,district,Berea,129,8.124031007751938,0.15140845070422534,0.11743612729717616,0.2968037695194128,0.034855485259563494
1995,all,lit_only,district,Butha-Buthe,111,10.585585585585585,0.13028169014084506,0.1316674137158225,0.26956837762185826,0.035493371101040276
1995,all,lit_only,district,Leribe,241,9.053941908713693,0.2828638497652582,0.24450918870461677,0.25149465419269657,0.061492753860204384
1995,all,lit_only,district,Mafeteng,56,6.339285714285714,0.06572769953051644,0.03978036754818467,0.132058798446975,0.0052533475401923034
1995,all,lit_only,district,Maseru,210,15.161904761904761,0.24647887323943662,0.3567906768265352,0.4824131193328136,0.17212050335675466
1995,all,lit_only,district,Mohale's Hoek,52,4.9423076923076925,0.06103286384976526,0.028798744957418198,0.17956317641251496,0.00517119412124791
1995,all,lit_only,district,Mokhotlong,6,4.166666666666667,0.007042253521126761,0.002801434334379202,0.024020438879843287,6.729168220485008e-05
1995,all,lit_only,district,Quthing,7,2.4285714285714284,0.008215962441314555,0.0019049753473778575,0.10204871109394675,0.00019440027886565383
1995,all,lit_only,district,Thaba-Tseka,40,17.025,0.046948356807511735,0.07631107126848946,0.3215344824499917,0.024536640805518192
1996,all,zeros_included,district,Berea,2000,0.545,0.06546859144325509,0.11650277896536981,3.0730442923660375,0.3580181999443118
1996,all,zeros_included,district,Butha-Buthe,1786,0.7407614781634938,0.058463452158826805,0.1414065840102608,3.1175422661912293,0.4408410023697089
1996,all,zeros_included,district,Leribe,2828,0.7828854314002829,0.0925725883007627,0.23663958956819153,2.754612188875034,0.6518502977949258
1996,all,zeros_included,district,Mafeteng,2651,0.14334213504337986,0.08677861795803463,0.04061564771269773,3.985440468473657,0.16187124604745506
1996,all,zeros_included,district,Maseru,3766,0.8852894317578333,0.12327735768764934,0.35634886703719537,3.3148159482659048,1.1812309076013816
1996,all,zeros_included,district,Mohale's Hoek,3440,0.075,0.11260597728239877,0.027575887131252672,4.480136343290653,0.12354373413520611
1996,all,zeros_included,district,Mokhotlong,4158,0.0,0.13610920161052734,0.0,0.0,0.0
1996,all,zeros_included,district,Qacha's Nek,2123,0.010362694300518135,0.06949490981701528,0.00235143223599829,5.47551433559235,0.01287530091738261
1996,all,zeros_included,district,Quthing,2970,0.010437710437710438,0.09722085829323382,0.003313381787088499,5.714067295554385,0.018932886507287937
1996,all,zeros_included,district,Thaba-Tseka,4827,0.145846281334162,0.15800844544829618,0.07524583155194528,5.2076258813678304,0.3918521398549543
1996,all,lit_only,district,Berea,123,8.861788617886178,0.14927184466019416,0.11650277896536981,0.2843261881963728,0.03312479105750816
1996,all,lit_only,district,Butha-Buthe,100,13.23,0.12135922330097088,0.1414065840102608,0.23497869074287614,0.0332275339731536
1996,all,lit_only,district,Leribe,226,9.79646017699115,0.27427184466019416,0.23663958956819153,0.22782216113085685,0.053911742704544366
1996,all,lit_only,district,Mafeteng,55,6.909090909090909,0.06674757281553398,0.04061564771269773,0.11008144741710235,0.004471029287996889
1996,all,lit_only,district,Maseru,222,15.018018018018019,0.26941747572815533,0.35634886703719537,0.4837246209210866,0.172374720623226
1996,all,lit_only,district,Mohale's Hoek,44,5.863636363636363,0.05339805825242718,0.027575887131252672,0.1210992268414699,0.003339418611062338
1996,all,lit_only,district,Qacha's Nek,10,2.2,0.012135922330097087,0.00235143223599829,0.11751396688313964,0.00027632612990905007
1996,all,lit_only,district,Quthing,11,2.8181818181818183,0.013349514563106795,0.003313381787088499,0.11564533655600995,0.0003831771519064032
1996,all,lit_only,district,Thaba-Tseka,33,21.333333333333332,0.04004854368932039,0.07524583155194528,0.22215300717381847,0.016716087756559236
1997,all,zeros_included,district,Berea,2000,0.523,0.06546859144325509,0.12119105549762484,3.1732520951660277,0.38456977077322035
1997,all,zeros_included,district,Butha-Buthe,1786,0.6326987681970885,0.058463452158826805,0.13092341559494844,3.4207314262987634,0.44785384216401375
1997,all,zeros_included,district,Leribe,2828,0.6272984441301273,0.0925725883007627,0.20553817634109606,3.074097876060713,0.6318444713395557
1997,all,zeros_included,district,Mafeteng,2651,0.14107883817427386,0.08677861795803463,0.04333217471903603,4.016505237569454,0.17404390671428294
1997,all,zeros_included,district,Maseru,3766,0.8844928305894849,0.12327735768764934,0.3859344224307728,3.3211298014255437,1.2817383117307943
1997,all,zeros_included,district,Mohale's Hoek,3440,0.07412790697674419,0.11260597728239877,0.02954466458116093,4.494372297692351,0.13278472203818206
1997,all,zeros_included,district,Mokhotlong,4158,0.0007215007215007215,0.13610920161052734,0.0003475842891901286,7.234177179749849,0.0025144863328988003
1997,all,zeros_included,district,Qacha's Nek,2123,0.02072538860103627,0.06949490981701528,0.005097902908121886,5.038589995012697,0.02568624258840907
1997,all,zeros_included,district,Quthing,2970,0.011111111111111112,0.09722085829323382,0.0038234271810914148,5.681618524316043,0.021723254698462452
1997,all,zeros_included,district,Thaba-Tseka,4827,0.13279469649886058,0.15800844544829618,0.07426717645695748,5.368154184529645,0.39867765407061784
1997,all,lit_only,district,Berea,115,9.095652173913043,0.15312916111850866,0.12119105549762484,0.31728176398719565,0.03845171186775653
1997,all,lit_only,district,Butha-Buthe,72,15.694444444444445,0.09587217043941411,0.13092341559494844,0.20966378387837414,0.027449898711917827
1997,all,lit_only,district,Leribe,177,10.022598870056497,0.23568575233022637,0.20553817634109606,0.3029225816180787,0.06226215499831673
1997,all,lit_only,district,Mafeteng,53,7.056603773584905,0.07057256990679095,0.04333217471903603,0.10410494483255017,0.004511093658599671
1997,all,lit_only,district,Maseru,229,14.54585152838428,0.30492676431424764,0.3859344224307728,0.5210830957626857,0.2011039036016112
1997,all,lit_only,district,Mohale's Hoek,44,5.795454545454546,0.05858854860186418,0.02954466458116093,0.13533518124316846,0.003998432535860034
1997,all,lit_only,district,Mokhotlong,3,1.0,0.0039946737683089215,0.0003475842891901286,0.0,0.0
1997,all,lit_only,district,Qacha's Nek,15,2.933333333333333,0.019973368841544607,0.005097902908121886,0.08605473441165157,0.0004386986808148151
1997,all,lit_only,district,Quthing,11,3.0,0.014647137150466045,0.0038234271810914148,0.08319656531766872,0.0003180960092090219
1997,all,lit_only,district,Thaba-Tseka,32,20.03125,0.0426098535286285,0.07426717645695748,0.35190965166887933,0.026135336197399103
1998,all,zeros_included,district,Berea,2000,0.599,0.06546859144325509,0.1309719033562917,3.0703182434126566,0.4021254242493017
1998,all,zeros_included,district,Butha-Buthe,1786,0.578387458006719,0.058463452158826805,0.11293320214277905,3.555329177918006,0.40151470873393463
1998,all,zeros_included,district,Leribe,2828,0.6333097595473833,0.0925725883007627,0.19580190226303706,3.0867851745701373,0.6043984090581739
1998,all,zeros_included,district,Mafeteng,2651,0.14409656733308185,0.08677861795803463,0.04176232644582924,3.9646357116424724,0.16557241082840543
1998,all,zeros_included,district,Maseru,3766,0.9535315985130112,0.12327735768764934,0.3925877336831748,3.1679376565522266,1.2436934650354263
1998,all,zeros_included,district,Mohale's Hoek,3440,0.07616279069767441,0.11260597728239877,0.02864327101782005,4.45306899867091,0.12755046218998342
1998,all,zeros_included,district,Mokhotlong,4158,0.003848003848003848,0.13610920161052734,0.0017492073904012244,6.492040739848678,0.011355925640929139
1998,all,zeros_included,district,Qacha's Nek,2123,0.04992934526613283,0.06949490981701528,0.011588498961408112,4.68628523144828,0.05430701153750057
1998,all,zeros_included,district,Quthing,2970,0.011784511784511785,0.09722085829323382,0.0038263911665026786,5.65912137376807,0.021654012034752645
1998,all,zeros_included,district,Thaba-Tseka,4827,0.15185415371866584,0.15800844544829618,0.0801355635727561,4.92040160692311,0.3942991557750781
1998,all,lit_only,district,Berea,139,8.618705035971223,0.16144018583042974,0.1309719033562917,0.4038897170012663,0.05289820498168985
1998,all,lit_only,district,Butha-Buthe,63,16.396825396825395,0.07317073170731707,0.11293320214277905,0.21073014287309455,0.023798429822663898
1998,all,lit_only,district,Leribe,172,10.412790697674419,0.1997677119628339,0.19580190226303706,0.28695462436712704,0.056186261314258724
1998,all,lit_only,district,Mafeteng,60,6.366666666666666,0.06968641114982578,0.04176232644582924,0.17628806757554782,0.0073621998265944325
1998,all,lit_only,district,Maseru,269,13.349442379182156,0.3124274099883856,0.3925877336831748,0.5288803269369677,0.20763192894180071
1998,all,lit_only,district,Mohale's Hoek,47,5.574468085106383,0.0545876887340302,0.02864327101782005,0.15998985001352506,0.0045826326340377786
1998,all,lit_only,district,Mokhotlong,7,2.2857142857142856,0.008130081300813009,0.0017492073904012244,0.10516142048603228,0.00018394913389925836
1998,all,lit_only,district,Qacha's Nek,23,4.608695652173913,0.026713124274099883,0.011588498961408112,0.1611939856741733,0.0018679963355703916
1998,all,lit_only,district,Quthing,11,3.1818181818181817,0.012775842044134728,0.0038263911665026786,0.06069941476969465,0.00023225970448664183
1998,all,lit_only,district,Thaba-Tseka,70,10.471428571428572,0.08130081300813008,0.0801355635727561,0.6869164133119763,0.05504643390813148
1999,all,zeros_included,district,Berea,2000,0.6745,0.06546859144325509,0.1218718944800795,3.0322577323499176,0.3695469943933543
1999,all,zeros_included,district,Butha-Buthe,1786,0.5408734602463606,0.058463452158826805,0.08727075616586864,3.633466385862394,0.317095358997477
1999,all,zeros_included,district,Leribe,2828,0.7146393210749646,0.0925725883007627,0.18258198572590117,2.860646703757083,0.5223025556322219
1999,all,zeros_included,district,Mafeteng,2651,0.15201810637495286,0.08677861795803463,0.03640798626795555,3.903219411567054,0.14210835873715086
1999,all,zeros_included,district,Maseru,3766,1.1983536909187467,0.12327735768764934,0.40771524076248983,2.930787711550148,1.1949268174384153
1999,all,zeros_included,district,Mohale's Hoek,3440,0.07906976744186046,0.11260597728239877,0.024573132170927818,4.4250375171623535,0.10873703177054478
1999,all,zeros_included,district,Mokhotlong,4158,0.01034151034151034,0.13610920161052734,0.003884723100551089,6.024602603566111,0.023403912905713503
1999,all,zeros_included,district,Qacha's Nek,2123,0.07253886010362694,0.06949490981701528,0.013912729243834132,4.253923693600665,0.059183688572996884
1999,all,zeros_included,district,Quthing,2970,0.014814814814814815,0.09722085829323382,0.003975065498238323,5.299416381787907,0.021065527220044077
1999,all,zeros_included,district,Thaba-Tseka,4827,0.2701470892894137,0.15800844544829618,0.11780648658415395,4.224512499890714,0.4976749751429661
1999,all,lit_only,district,Berea,156,8.647435897435898,0.14985590778097982,0.1218718944800795,0.481211280057372,0.058646130345776024
1999,all,lit_only,district,Butha-Buthe,60,16.1,0.05763688760806916,0.08727075616586864,0.24007718664805067,0.020951717616949764
1999,all,lit_only,district,Leribe,225,8.982222222222223,0.21613832853025935,0.18258198572590117,0.3294220789450395,0.06014653731573989
1999,all,lit_only,district,Mafeteng,62,6.5,0.059558117195004805,0.03640798626795555,0.14766159032312043,0.005376061152788647
1999,all,lit_only,district,Maseru,319,14.147335423197493,0.30643611911623436,0.40771524076248983,0.46221010511789506,0.18845010429099832
1999,all,lit_only,district,Mohale's Hoek,49,5.551020408163265,0.04707012487992315,0.024573132170927818,0.1736310649055366,0.0042666591069026975
1999,all,lit_only,district,Mokhotlong,12,3.5833333333333335,0.011527377521613832,0.003884723100551089,0.17671978493615237,0.0006865074308658914
1999,all,lit_only,district,Qacha's Nek,35,4.4,0.03362151777137368,0.013912729243834132,0.14868629338682204,0.0020686321421601404
1999,all,lit_only,district,Quthing,17,2.588235294117647,0.01633045148895293,0.003975065498238323,0.1363124940473771,0.0005418510920665455
1999,all,lit_only,district,Thaba-Tseka,106,12.30188679245283,0.10182516810758886,0.11780648658415395,0.40597115834228825,0.04782603581880422
2000,all,zeros_included,district,Berea,2000,0.753,0.06546859144325509,0.12901567720380364,2.7973321200522667,0.3608996978324949
2000,all,zeros_included,district,Butha-Buthe,1786,0.5106382978723404,0.058463452158826805,0.0781290156772038,3.6997015356204583,0.28905403927746576
2000,all,zeros_included,district,Leribe,2828,0.7676803394625177,0.0925725883007627,0.1859847511350981,2.712785159724584,0.5045366728143641
2000,all,zeros_included,district,Mafeteng,2651,0.15541305167861186,0.08677861795803463,0.03529512550329821,3.8517473127157196,0.13594790480929295
2000,all,zeros_included,district,Maseru,3766,1.2604885820499203,0.12327735768764934,0.40666495331105973,2.80676302639769,1.1414121550852252
2000,all,zeros_included,district,Mohale's Hoek,3440,0.08808139534883722,0.11260597728239877,0.02595733744538679,4.279668532042773,0.1110888002406374
2000,all,zeros_included,district,Mokhotlong,4158,0.01034151034151034,0.13610920161052734,0.003683714554955881,6.185799622300982,0.02278672010271072
2000,all,zeros_included,district,Qacha's Nek,2123,0.07819123881300047,0.06949490981701528,0.014220851537736657,4.238766857351033,0.060278874181467615
2000,all,zeros_included,district,Quthing,2970,0.017845117845117844,0.09722085829323382,0.004540392358433993,5.258842017165541,0.023877206108950028
2000,all,zeros_included,district,Thaba-Tseka,4827,0.2817484980319039,0.15800844544829618,0.11650818127302322,4.136167279774378,0.4818973272075006
2000,all,lit_only,district,Berea,192,7.84375,0.16216216216216217,0.12901567720380364,0.453925032537966,0.058563445472644284
2000,all,lit_only,district,Butha-Buthe,58,15.724137931034482,0.048986486486486486,0.07812901567720379,0.27241078473043334,0.021283186470843412
2000,all,lit_only,district,Leribe,264,8.223484848484848,0.22297297297297297,0.18598475113509805,0.3414092358544365,0.06349691176561137
2000,all,lit_only,district,Mafeteng,68,6.0588235294117645,0.057432432432432436,0.035295125503298205,0.18856281160280108,0.006655348100775639
2000,all,lit_only,district,Maseru,372,12.760752688172044,0.3141891891891892,0.4066649533110597,0.49188817145373864,0.20003368027849713
2000,all,lit_only,district,Mohale's Hoek,57,5.315789473684211,0.04814189189189189,0.025957337445386787,0.1794930495098801,0.004659161655229475
2000,all,lit_only,district,Mokhotlong,9,4.777777777777778,0.007601351351351352,0.0036837145549558806,0.05023473121924282,0.00018505041055662136
2000,all,lit_only,district,Qacha's Nek,34,4.882352941176471,0.028716216216216218,0.014220851537736655,0.10454192026393772,0.0014866751275433615
2000,all,lit_only,district,Quthing,16,3.3125,0.013513513513513514,0.004540392358433992,0.03511350760857668,0.0001594291016237954
2000,all,lit_only,district,Thaba-Tseka,114,11.929824561403509,0.09628378378378379,0.1165081812730232,0.39038529250838083,0.04548308042588862
2001,all,zeros_included,district,Berea,2000,0.7685,0.06546859144325509,0.13436489203601715,2.930519102168083,0.3937588827723004
2001,all,zeros_included,district,Butha-Buthe,1786,0.4955207166853303,0.058463452158826805,0.07736690270128507,3.7445242176829256,0.2897022408120805
2001,all,zeros_included,district,Leribe,2828,0.6806930693069307,0.0925725883007627,0.16828394090392518,2.8552353395704473,0.4804902551510719
2001,all,zeros_included,district,Mafeteng,2651,0.18898528857035082,0.08677861795803463,0.043797534749541046,3.847110036406728,0.1684939355048318
2001,all,zeros_included,district,Maseru,3766,1.251991502920871,0.12327735768764934,0.4121863799283154,2.8356032018675696,1.1687970186909338
2001,all,zeros_included,district,Mohale's Hoek,3440,0.08982558139534884,0.11260597728239877,0.027012850773669026,4.309657671333613,0.11641613956133284
2001,all,zeros_included,district,Mokhotlong,4158,0.004329004329004329,0.13610920161052734,0.0015735641227380016,6.73281804749109,0.010594520924454901
2001,all,zeros_included,district,Qacha's Nek,2123,0.07630711257654263,0.06949490981701528,0.014162077104642014,4.31920299432417,0.061168885836219565
2001,all,zeros_included,district,Quthing,2970,0.01717171717171717,0.09722085829323382,0.0044584316810910045,5.318471808517296,0.023712043206082885
2001,all,zeros_included,district,Thaba-Tseka,4827,0.2767764657136938,0.15800844544829618,0.11679342599877612,4.184628271515432,0.4887370723616241
2001,all,lit_only,district,Berea,171,8.988304093567251,0.1553133514986376,0.13436489203601715,0.4712801991286608,0.06332351307463517
2001,all,lit_only,district,Butha-Buthe,56,15.803571428571429,0.05086285195277021,0.07736690270128507,0.28214214698163076,0.021828464033459498
2001,all,lit_only,district,Leribe,227,8.480176211453745,0.2061762034514078,0.16828394090392518,0.3328603300353863,0.056015048108935976
2001,all,lit_only,district,Mafeteng,77,6.5064935064935066,0.06993642143505904,0.043797534749541046,0.30822325197138634,0.013499418588833339
2001,all,lit_only,district,Maseru,360,13.097222222222221,0.32697547683923706,0.4121863799283154,0.48793852410062755,0.20112161387660277
2001,all,lit_only,district,Mohale's Hoek,54,5.722222222222222,0.04904632152588556,0.027012850773669026,0.15541496753044326,0.004198201325894481
2001,all,lit_only,district,Mokhotlong,5,3.6,0.004541326067211626,0.0015735641227380016,0.009466491507232888,1.4896131403985662e-05
2001,all,lit_only,district,Qacha's Nek,30,5.4,0.027247956403269755,0.014162077104642014,0.05981491428306929,0.0008471034280843801
2001,all,lit_only,district,Quthing,15,3.4,0.013623978201634877,0.0044584316810910045,0.03020477782276121,0.00013466593836531355
2001,all,lit_only,district,Thaba-Tseka,106,12.60377358490566,0.09627611262488647,0.11679342599877612,0.36608692996700665,0.04275654676422073
2002,all,zeros_included,district,Berea,2000,0.8215,0.06546859144325509,0.13657522859517873,2.8287438141478276,0.3863363330544373
2002,all,zeros_included,district,Butha-Buthe,1786,0.46472564389697646,0.058463452158826805,0.06899418121363259,3.7005341431214513,0.255315323257756
2002,all,zeros_included,district,Leribe,2828,0.698019801980198,0.0925725883007627,0.16408977556109725,2.754620194559867,0.4520050094813946
2002,all,zeros_included,district,Mafeteng,2651,0.2006789890607318,0.08677861795803463,0.044222776392352454,3.853425801133481,0.17040918754804754
2002,all,zeros_included,district,Maseru,3766,1.3898035050451407,0.12327735768764934,0.43507896924355777,2.8122232600813635,1.2235391972789573
2002,all,zeros_included,district,Mohale's Hoek,3440,0.09651162790697675,0.11260597728239877,0.027597672485453036,4.184565889666729,0.11548427891682078
2002,all,zeros_included,district,Mokhotlong,4158,0.008898508898508899,0.13610920161052734,0.003075644222776392,5.738449875244296,0.017649430206487026
2002,all,zeros_included,district,Qacha's Nek,2123,0.07677814413565709,0.06949490981701528,0.013549459684123025,4.334271003001543,0.05872703021523288
2002,all,zeros_included,district,Quthing,2970,0.01919191919191919,0.09722085829323382,0.004738154613466334,5.123890164031117,0.024277783819598806
2002,all,zeros_included,district,Thaba-Tseka,4827,0.2544023202817485,0.15800844544829618,0.10207813798836243,4.370501143911457,0.4461326188464896
2002,all,lit_only,district,Berea,199,8.256281407035177,0.16432700247729148,0.13657522859517873,0.5211461793302372,0.07117565857353116
2002,all,lit_only,district,Butha-Buthe,69,12.028985507246377,0.05697770437654831,0.06899418121363259,0.4469068862822665,0.030833974697778984
2002,all,lit_only,district,Leribe,269,7.338289962825279,0.22213047068538397,0.16408977556109725,0.40200654714524253,0.0659651640951545
2002,all,lit_only,district,Mafeteng,72,7.388888888888889,0.05945499587118084,0.044222776392352454,0.2473997138605104,0.010940702225585332
2002,all,lit_only,district,Maseru,390,13.42051282051282,0.3220478943022296,0.43507896924355777,0.5446012899879582,0.23694456789667276
2002,all,lit_only,district,Mohale's Hoek,64,5.1875,0.05284888521882741,0.027597672485453036,0.20022222265895673,0.005525667325251341
2002,all,lit_only,district,Mokhotlong,15,2.466666666666667,0.012386457473162676,0.003075644222776392,0.11371060792854759,0.0003497333743438288
2002,all,lit_only,district,Qacha's Nek,29,5.620689655172414,0.023947151114781174,0.013549459684123025,0.04098137128476109,0.0005552754380229475
2002,all,lit_only,district,Quthing,19,3.0,0.01568951279933939,0.004738154613466334,0.07201191140081131,0.000341203570228283
2002,all,lit_only,district,Thaba-Tseka,85,14.447058823529412,0.07018992568125516,0.10207813798836243,0.3311719647412805,0.033805417514737535
2003,all,zeros_included,district,Berea,2000,0.8985,0.06546859144325509,0.15745202838867958,2.7466251972981555,0.4324617085380518
2003,all,zeros_included,district,Butha-Buthe,1786,0.4070548712206047,0.058463452158826805,0.0636992902830106,3.8550792639472222,0.24556581309818898
2003,all,zeros_included,district,Leribe,2828,0.6082036775106082,0.0925725883007627,0.1507053360203277,2.7807817727019435,0.41907865145424894
2003,all,zeros_included,district,Mafeteng,2651,0.2561297623538287,0.08677861795803463,0.05949355997546657,3.6982757220358913,0.22002358847475423
2003,all,zeros_included,district,Maseru,3766,1.3757302177376527,0.12327735768764934,0.4539560150705336,2.805233757865363,1.2734527380618985
2003,all,zeros_included,district,Mohale's Hoek,3440,0.10668604651162791,0.11260597728239877,0.03215631297643039,4.103334371066322,0.13194810428295278
2003,all,zeros_included,district,Mokhotlong,4158,0.021164021164021163,0.13610920161052734,0.007710505563830719,4.94797252814851,0.03815136970797064
2003,all,zeros_included,district,Qacha's Nek,2123,0.07866227037211493,0.06949490981701528,0.014632436694996934,4.307164701353157,0.06302431482747545
2003,all,zeros_included,district,Quthing,2970,0.01919191919191919,0.09722085829323382,0.004994304740208534,5.123890164031117,0.02559026893452849
2003,all,zeros_included,district,Thaba-Tseka,4827,0.1305158483530143,0.15800844544829618,0.05520021028651538,5.327824557966897,0.2940970359694336
2003,all,lit_only,district,Berea,217,8.28110599078341,0.1794871794871795,0.15745202838867958,0.5256200912965325,0.082759949536482
2003,all,lit_only,district,Butha-Buthe,58,12.53448275862069,0.04797353184449959,0.0636992902830106,0.42778851305719723,0.027249824672967878
2003,all,lit_only,district,Leribe,252,6.825396825396825,0.20843672456575682,0.1507053360203277,0.36288583319690315,0.05468883142895588
2003,all,lit_only,district,Mafeteng,91,7.461538461538462,0.07526881720430108,0.05949355997546657,0.326443022263716,0.019421257523618958
2003,all,lit_only,district,Maseru,402,12.888059701492537,0.3325062034739454,0.4539560150705336,0.5679171372672864,0.2578094005241226
2003,all,lit_only,district,Mohale's Hoek,69,5.318840579710145,0.05707196029776675,0.03215631297643039,0.19421412529613713,0.006245210197466252
2003,all,lit_only,district,Mokhotlong,34,2.588235294117647,0.028122415219189414,0.007710505563830719,0.14154358434671332,0.001091372594629876
2003,all,lit_only,district,Qacha's Nek,30,5.566666666666666,0.02481389578163772,0.014632436694996934,0.047776621312056955,0.0006990883868495147
2003,all,lit_only,district,Quthing,19,3.0,0.015715467328370553,0.004994304740208534,0.07201191140081131,0.0003596494304605489
2003,all,lit_only,district,Thaba-Tseka,37,17.027027027027028,0.030603804797353185,0.05520021028651538,0.45676203495062895,0.025213360380171405
2004,all,zeros_included,district,Berea,2000,0.9135,0.06546859144325509,0.15490927590300152,2.7387243068479776,0.42425379927177
2004,all,zeros_included,district,Butha-Buthe,1786,0.4053751399776036,0.058463452158826805,0.06138714600644395,3.8772084085197385,0.23801075867121338
2004,all,zeros_included,district,Leribe,2828,0.6382602545968883,0.0925725883007627,0.15304392063761235,2.7256136106478084,0.41713859311677925
2004,all,zeros_included,district,Mafeteng,2651,0.2810260279139947,0.08677861795803463,0.06316771239613363,3.6167654335957176,0.22846279871365183
2004,all,zeros_included,district,Maseru,3766,1.4070631970260223,0.12327735768764934,0.44929625233169407,2.7622674337901083,1.2410764059397816
2004,all,zeros_included,district,Mohale's Hoek,3440,0.11075581395348837,0.11260597728239877,0.03230456164151263,4.06800780597836,0.13141520892638248
2004,all,zeros_included,district,Mokhotlong,4158,0.056998556998557,0.13610920161052734,0.02009496354078345,4.323423089956488,0.08687902936405695
2004,all,zeros_included,district,Qacha's Nek,2123,0.08007536504945831,0.06949490981701528,0.014414108868916399,4.269453155241324,0.061540362590387074
2004,all,zeros_included,district,Quthing,2970,0.01919191919191919,0.09722085829323382,0.004832965914871969,5.123890164031117,0.02476358651431013
2004,all,zeros_included,district,Thaba-Tseka,4827,0.11373523927905531,0.15800844544829618,0.04654909275903001,5.553400279172079,0.25850574472320426
2004,all,lit_only,district,Berea,219,8.342465753424657,0.1735340729001585,0.1549092759030015,0.5268935771223964,0.08162070250997269
2004,all,lit_only,district,Butha-Buthe,53,13.660377358490566,0.041996830427892234,0.061387146006443946,0.35976656063541634,0.022085042385962473
2004,all,lit_only,district,Leribe,260,6.9423076923076925,0.20602218700475436,0.15304392063761232,0.3389702146468727,0.0518773306289304
2004,all,lit_only,district,Mafeteng,100,7.45,0.07923930269413629,0.06316771239613361,0.339243413294783,0.021429230363287543
2004,all,lit_only,district,Maseru,420,12.616666666666667,0.3328050713153724,0.449296252331694,0.5687534358504247,0.25553878722837037
2004,all,lit_only,district,Mohale's Hoek,70,5.442857142857143,0.0554675118858954,0.03230456164151263,0.17327629766027464,0.005597614838779433
2004,all,lit_only,district,Mokhotlong,61,3.8852459016393444,0.04833597464342314,0.020094963540783446,0.10150748571184032,0.002039789224496028
2004,all,lit_only,district,Qacha's Nek,32,5.3125,0.025356576862123614,0.014414108868916396,0.07460359633779468,0.001075344359625665
2004,all,lit_only,district,Quthing,19,3.0,0.015055467511885896,0.004832965914871968,0.07201191140081131,0.00034803111326490115
2004,all,lit_only,district,Thaba-Tseka,28,19.607142857142858,0.022187004754358162,0.046549092759030006,0.4036243536867903,0.018788347479569936
2005,all,zeros_included,district,Berea,2000,1.0145,0.06546859144325509,0.16783853089585574,2.591629301712321,0.4349752546260484
2005,all,zeros_included,district,Butha-Buthe,1786,0.3717805151175812,0.058463452158826805,0.05492596575399123,3.913872450208848,0.21497322416566092
2005,all,zeros_included,district,Leribe,2828,0.6718528995756718,0.0925725883007627,0.15716767309123997,2.663294857649369,0.4185838555326165
2005,all,zeros_included,district,Mafeteng,2651,0.2953602414183327,0.08677861795803463,0.06476962527917941,3.5932348247304464,0.23273247313788892
2005,all,zeros_included,district,Maseru,3766,1.391927774827403,0.12327735768764934,0.4336173380759368,2.7580729160616833,1.1959482360820037
2005,all,zeros_included,district,Mohale's Hoek,3440,0.11424418604651163,0.11260597728239877,0.03250889238150385,4.037042129094155,0.13123976811431906
2005,all,zeros_included,district,Mokhotlong,4158,0.0670995670995671,0.13610920161052734,0.023078831996029447,4.163597083872398,0.0960909575978492
2005,all,zeros_included,district,Qacha's Nek,2123,0.08572774375883184,0.06949490981701528,0.015055008685581933,4.165158603690452,0.06270649895538608
2005,all,zeros_included,district,Quthing,2970,0.022222222222222223,0.09722085829323382,0.00545950864422202,4.909601959348692,0.026804014336753553
2005,all,zeros_included,district,Thaba-Tseka,4827,0.11414957530557282,0.15800844544829618,0.04557862519645959,5.540013018227565,0.25250617694130106
2005,all,lit_only,district,Berea,250,8.116,0.18839487565938207,0.1678385308958557,0.5121877600324853,0.08596484118669143
2005,all,lit_only,district,Butha-Buthe,52,12.76923076923077,0.03918613413715147,0.054925965753991224,0.377382407353831,0.020728093182475288
2005,all,lit_only,district,Leribe,275,6.909090909090909,0.20723436322532027,0.15716767309123994,0.3327409282994769,0.05229611744304789
2005,all,lit_only,district,Mafeteng,97,8.072164948453608,0.07309721175584025,0.06476962527917941,0.28525359694480334,0.01847576858365299
2005,all,lit_only,district,Maseru,419,12.510739856801909,0.31574981160512433,0.4336173380759367,0.5621751267667232,0.2437688820010888
2005,all,lit_only,district,Mohale's Hoek,72,5.458333333333333,0.05425772418990203,0.03250889238150384,0.17048149774276666,0.005542164663157191
2005,all,lit_only,district,Mokhotlong,73,3.8219178082191783,0.055011303692539565,0.023078831996029444,0.1212670566028311,0.002798702025989732
2005,all,lit_only,district,Qacha's Nek,36,5.055555555555555,0.027128862094951016,0.015055008685581931,0.0880920804433063,0.0013262270362049584
2005,all,lit_only,district,Quthing,24,2.75,0.01808590806330068,0.0054595086442220195,0.09133855789989287,0.0004986636464052386
2005,all,lit_only,district,Thaba-Tseka,29,19.0,0.02185380557648832,0.04557862519645958,0.4253284125535468,0.019385884301183244
2006,all,zeros_included,district,Berea,2000,1.059,0.06546859144325509,0.17429229756418696,2.5251621522116245,0.44011631323109124
2006,all,zeros_included,district,Butha-Buthe,1786,0.3812989921612542,0.058463452158826805,0.056040157998683345,3.826036886231134,0.2144117116131832
2006,all,zeros_included,district,Leribe,2828,0.667963224893918,0.0925725883007627,0.1554476629361422,2.6160194388674394,0.4066541079674616
2006,all,zeros_included,district,Mafeteng,2651,0.2938513768389287,0.08677861795803463,0.0641046741277156,3.6117993196209963,0.2315332183990089
2006,all,zeros_included,district,Maseru,3766,1.3709506107275624,0.12327735768764934,0.4248683344305464,2.765346855491437,1.1749083126153956
2006,all,zeros_included,district,Mohale's Hoek,3440,0.12093023255813953,0.11260597728239877,0.03423304805793285,3.918155436696134,0.13413040336286963
2006,all,zeros_included,district,Mokhotlong,4158,0.08754208754208755,0.13610920161052734,0.029953917050691243,4.230383481344568,0.12671655589280964
2006,all,zeros_included,district,Qacha's Nek,2123,0.08431464908148846,0.06949490981701528,0.014730085582620145,4.215236388303852,0.062090792750690384
2006,all,zeros_included,district,Quthing,2970,0.02962962962962963,0.09722085829323382,0.007241606319947334,4.580708512836197,0.03317168771639116
2006,all,zeros_included,district,Thaba-Tseka,4827,0.0984048062979076,0.15800844544829618,0.0390882159315339,5.574219439774029,0.21788629311164118
2006,all,lit_only,district,Berea,267,7.932584269662922,0.19098712446351931,0.17429229756418696,0.5115083510697915,0.08915196573122272
2006,all,lit_only,district,Butha-Buthe,65,10.476923076923077,0.046494992846924176,0.056040157998683345,0.5126903946903267,0.028731250722853235
2006,all,lit_only,district,Leribe,293,6.447098976109215,0.20958512160228898,0.1554476629361422,0.34886702086804333,0.05423056306943169
2006,all,lit_only,district,Mafeteng,94,8.287234042553191,0.06723891273247497,0.0641046741277156,0.2724018956019747,0.017462234749336593
2006,all,lit_only,district,Maseru,424,12.17688679245283,0.3032904148783977,0.4248683344305464,0.5813116015062971,0.24698089191713396
2006,all,lit_only,district,Mohale's Hoek,84,4.9523809523809526,0.060085836909871244,0.03423304805793285,0.2057454851720033,0.007043295081595899
2006,all,lit_only,district,Mokhotlong,73,4.986301369863014,0.05221745350500715,0.029953917050691243,0.18805345407500096,0.005632937564458554
2006,all,lit_only,district,Qacha's Nek,33,5.424242424242424,0.023605150214592276,0.014730085582620145,0.051158488067076124,0.0007535689075054828
2006,all,lit_only,district,Quthing,34,2.588235294117647,0.024320457796852647,0.007241606319947334,0.11075180565561327,0.0008020209757812679
2006,all,lit_only,district,Thaba-Tseka,31,15.32258064516129,0.022174535050071532,0.0390882159315339,0.5262262085986822,0.020569243670537692
2007,all,zeros_included,district,Berea,2000,1.104,0.06546859144325509,0.17964364168904076,2.427267805975858,0.43604322802007117
2007,all,zeros_included,district,Butha-Buthe,1786,0.2715565509518477,0.058463452158826805,0.03945976730941339,3.7918618687512637,0.14962598701036228
2007,all,zeros_included,district,Leribe,2828,0.6948373408769448,0.0925725883007627,0.15987307786185012,2.452850604283881,0.392144775642163
2007,all,zeros_included,district,Mafeteng,2651,0.2912108638249717,0.08677861795803463,0.06281018631518998,3.6409815164995623,0.22869072742150046
2007,all,zeros_included,district,Maseru,3766,1.3967073818374933,0.12327735768764934,0.4279554145309576,2.688701536927832,1.1506443807859732
2007,all,zeros_included,district,Mohale's Hoek,3440,0.1316860465116279,0.11260597728239877,0.03685623627044179,3.833659594041577,0.14129426377844231
2007,all,zeros_included,district,Mokhotlong,4158,0.09451659451659451,0.13610920161052734,0.031974615572370024,4.239256383719189,0.1355485931821366
2007,all,zeros_included,district,Qacha's Nek,2123,0.08337258596325954,0.06949490981701528,0.01440078105931169,4.240244084041702,0.06106282669232619
2007,all,zeros_included,district,Quthing,2970,0.0595959595959596,0.09722085829323382,0.01440078105931169,3.9915967449362912,0.05748211080088874
2007,all,zeros_included,district,Thaba-Tseka,4827,0.08307437331675989,0.15800844544829618,0.03262549833211293,5.645491553041533,0.18418697524771419
2007,all,lit_only,district,Berea,297,7.434343434343434,0.1946264744429882,0.17964364168904073,0.5200974852364753,0.09343220628119252
2007,all,lit_only,district,Butha-Buthe,58,8.362068965517242,0.03800786369593709,0.039459767309413384,0.36457111786123875,0.014385891478537203
2007,all,lit_only,district,Leribe,330,5.954545454545454,0.2162516382699869,0.15987307786185012,0.30461823172794356,0.04870025427918062
2007,all,lit_only,district,Mafeteng,90,8.577777777777778,0.05897771952817824,0.06281018631518996,0.2580989805408018,0.016211245055528352
2007,all,lit_only,district,Maseru,468,11.239316239316238,0.30668414154652685,0.42795541453095753,0.6034011236283807,0.2582287779908292
2007,all,lit_only,district,Mohale's Hoek,91,4.978021978021978,0.05963302752293578,0.03685623627044178,0.2012923501909829,0.007418878418071373
2007,all,lit_only,district,Mokhotlong,69,5.695652173913044,0.045216251638269984,0.031974615572370024,0.1405734198984896,0.004494781060947556
2007,all,lit_only,district,Qacha's Nek,32,5.53125,0.020969855832241154,0.014400781059311689,0.04539452513817244,0.000653716617806242
2007,all,lit_only,district,Quthing,60,2.95,0.039318479685452164,0.014400781059311689,0.08962407536164685,0.0012906566869263273
2007,all,lit_only,district,Thaba-Tseka,31,12.935483870967742,0.020314547837483616,0.03262549833211292,0.5974983218661865,0.019493680503485537
2008,all,zeros_included,district,Berea,2000,1.218,0.06546859144325509,0.17539059687522499,2.2679161566912738,0.3977711683850488
2008,all,zeros_included,district,Butha-Buthe,1786,0.2782754759238522,0.058463452158826805,0.035783713730290156,3.7546208516825987,0.13435427772238834
2008,all,zeros_included,district,Leribe,2828,0.9356435643564357,0.0925725883007627,0.19051047591619266,2.142602349841518,0.4081881933674603
2008,all,zeros_included,district,Mafeteng,2651,0.2964918898528857,0.08677861795803463,0.05659154726762186,3.5991003756923754,0.20367865903191065
2008,all,zeros_included,district,Maseru,3766,1.5355815188528943,0.12327735768764934,0.41637266901864783,2.5211131333065184,1.0497226042128012
2008,all,zeros_included,district,Mohale's Hoek,3440,0.14244186046511628,0.11260597728239877,0.035279717762257905,3.7146784477721857,0.131052807214945
2008,all,zeros_included,district,Mokhotlong,4158,0.11038961038961038,0.13610920161052734,0.033047735618115054,4.100650465819366,0.13551721245669876
2008,all,zeros_included,district,Qacha's Nek,2123,0.07253886010362694,0.06949490981701528,0.011087911296709626,4.4338456556595265,0.04916208733325416
2008,all,zeros_included,district,Quthing,2970,0.0734006734006734,0.09722085829323382,0.015695874433004537,3.8160615008035927,0.059896422145236036
2008,all,zeros_included,district,Thaba-Tseka,4827,0.0870105655686762,0.15800844544829618,0.030239758081935346,5.512536668729569,0.16669777528017996
2008,all,lit_only,district,Berea,329,7.404255319148936,0.18640226628895185,0.17539059687522499,0.46307144791456345,0.08121837764560995
2008,all,lit_only,district,Butha-Buthe,57,8.719298245614034,0.03229461756373938,0.035783713730290156,0.30993835808070447,0.011090745479596091
2008,all,lit_only,district,Leribe,441,6.0,0.24985835694050992,0.19051047591619266,0.28432219827190064,0.05416635730631788
2008,all,lit_only,district,Mafeteng,95,8.273684210526316,0.053824362606232294,0.05659154726762186,0.2702850610038907,0.015295849805533739
2008,all,lit_only,district,Maseru,532,10.8703007518797,0.30141643059490086,0.41637266901864783,0.563987913431065,0.23482915280955063
2008,all,lit_only,district,Mohale's Hoek,101,4.851485148514851,0.057223796033994336,0.035279717762257905,0.1865722142460009,0.006582215060878425
2008,all,lit_only,district,Mokhotlong,77,5.961038961038961,0.04362606232294618,0.033047735618115054,0.11166641925509202,0.0036903223009638734
2008,all,lit_only,district,Qacha's Nek,26,5.923076923076923,0.014730878186968839,0.011087911296709626,0.031356731977751684,0.00034768066272400887
2008,all,lit_only,district,Quthing,71,3.0704225352112675,0.040226628895184136,0.015695874433004537,0.08242414604816273,0.0012937190466195893
2008,all,lit_only,district,Thaba-Tseka,36,11.666666666666666,0.020396600566572238,0.030239758081935346,0.6140751715251866,0.018569484631044596
2009,all,zeros_included,district,Berea,2000,1.3285,0.06546859144325509,0.17055009949290711,2.241878150237683,0.3823525415740114
2009,all,zeros_included,district,Butha-Buthe,1786,0.32754759238521836,0.058463452158826805,0.03755054881571346,3.4026024949631584,0.12776959108758248
2009,all,zeros_included,district,Leribe,2828,1.1244695898161245,0.0925725883007627,0.2041209320238783,1.9677784363585562,0.40166476844599835
2009,all,zeros_included,district,Mafeteng,2651,0.3198792908336477,0.08677861795803463,0.05443224853970088,3.499362490271626,0.19047816880097174
2009,all,zeros_included,district,Maseru,3766,1.6797663303239512,0.12327735768764934,0.4060594389883818,2.436759557050542,0.9894692186855208
2009,all,zeros_included,district,Mohale's Hoek,3440,0.15988372093023256,0.11260597728239877,0.03530393478400411,3.6712092026871455,0.1296081302701027
2009,all,zeros_included,district,Mokhotlong,4158,0.12265512265512266,0.13610920161052734,0.03273637589062199,4.042894269216279,0.13234970648310562
2009,all,zeros_included,district,Qacha's Nek,2123,0.07489401789919925,0.06949490981701528,0.010206046601193916,4.431508835724757,0.04522818569100946
2009,all,zeros_included,district,Quthing,2970,0.10471380471380472,0.09722085829323382,0.019962770396045958,3.7236158453594674,0.07433368816398962
2009,all,zeros_included,district,Thaba-Tseka,4827,0.09384711000621504,0.15800844544829618,0.029077604467552476,5.361570901882873,0.1559016380096888
2009,all,lit_only,district,Berea,316,8.408227848101266,0.16763925729442972,0.17055009949290711,0.39671790428251263,0.06766027804600012
2009,all,lit_only,district,Butha-Buthe,88,6.6477272727272725,0.04668435013262599,0.03755054881571346,0.39220554800492025,0.014727533576152406
2009,all,lit_only,district,Leribe,511,6.223091976516634,0.2710875331564987,0.2041209320238783,0.25682299954579735,0.05242295003245623
2009,all,lit_only,district,Mafeteng,99,8.565656565656566,0.052519893899204244,0.05443224853970088,0.2117901341171904,0.01152821321852349
2009,all,lit_only,district,Maseru,547,11.56489945155393,0.2901856763925729,0.4060594389883818,0.5074396502554253,0.20605065970317865
2009,all,lit_only,district,Mohale's Hoek,99,5.555555555555555,0.052519893899204244,0.03530393478400411,0.12310230245429121,0.004345995657607045
2009,all,lit_only,district,Mokhotlong,82,6.219512195121951,0.04350132625994695,0.03273637589062199,0.11682404806257396,0.003824395950440511
2009,all,lit_only,district,Qacha's Nek,26,6.115384615384615,0.013793103448275862,0.010206046601193916,0.029019912042983487,0.000296178574673238
2009,all,lit_only,district,Quthing,78,3.9871794871794872,0.041379310344827586,0.019962770396045958,0.08400744025231344,0.0016770212413164823
2009,all,lit_only,district,Thaba-Tseka,39,11.615384615384615,0.020689655172413793,0.029077604467552476,0.5431521123520264,0.01579356228868785
2010,all,zeros_included,district,Berea,2000,1.3425,0.06546859144325509,0.16385939216404247,2.2707505749601133,0.37208380896911414
2010,all,zeros_included,district,Butha-Buthe,1786,0.3706606942889138,0.058463452158826805,0.04040034175515684,3.2063885381091035,0.12953919273942552
2010,all,zeros_included,district,Leribe,2828,1.2026166902404527,0.0925725883007627,0.2075552300744538,1.933193646048165,0.4012444519839991
2010,all,zeros_included,district,Mafeteng,2651,0.3198792908336477,0.08677861795803463,0.05175149517881118,3.575459059601479,0.1850353522850027
2010,all,zeros_included,district,Maseru,3766,1.7607541157727031,0.12327735768764934,0.4046747223239351,2.4659913439794034,0.9979243623780926
2010,all,zeros_included,district,Mohale's Hoek,3440,0.17151162790697674,0.11260597728239877,0.03600634688148419,3.7210295846255126,0.13398068198029126
2010,all,zeros_included,district,Mokhotlong,4158,0.12578162578162577,0.13610920161052734,0.03191749054070548,4.049823445929747,0.12926020152698997
2010,all,zeros_included,district,Qacha's Nek,2123,0.12058407913330194,0.06949490981701528,0.015623092884169413,4.11150818787032,0.06423447431312107
2010,all,zeros_included,district,Quthing,2970,0.11414141414141414,0.09722085829323382,0.020688392530208714,3.748282717353825,0.07754594417081329
2010,all,zeros_included,district,Thaba-Tseka,4827,0.09343277397969753,0.15800844544829618,0.027523495667032834,5.409864174172693,0.14889837315707827
2010,all,lit_only,district,Berea,303,8.861386138613861,0.1651226158038147,0.16385939216404247,0.38358092092740037,0.06285333654888746
2010,all,lit_only,district,Butha-Buthe,100,6.62,0.05449591280653951,0.04040034175515684,0.32382496266075034,0.013082639160345216
2010,all,lit_only,district,Leribe,506,6.721343873517786,0.27574931880108994,0.2075552300744538,0.21240528831916716,0.04408582848611544
2010,all,lit_only,district,Mafeteng,88,9.636363636363637,0.04795640326975477,0.05175149517881118,0.17010366779065977,0.008803119143566428
2010,all,lit_only,district,Maseru,520,12.751923076923077,0.28337874659400547,0.4046747223239351,0.4860514463377785,0.19669273408188756
2010,all,lit_only,district,Mohale's Hoek,92,6.413043478260869,0.05013623978201635,0.03600634688148419,0.09959141130710902,0.0035859229019403346
2010,all,lit_only,district,Mokhotlong,81,6.45679012345679,0.044141689373297,0.03191749054070548,0.11148313218422778,0.003558261816938309
2010,all,lit_only,district,Qacha's Nek,36,7.111111111111111,0.019618528610354225,0.015623092884169413,0.03444166462317377,0.0005380853254932556
2010,all,lit_only,district,Quthing,75,4.52,0.04087193460490463,0.020688392530208714,0.06945359909339022,0.0014368833206798049
2010,all,lit_only,district,Thaba-Tseka,34,13.264705882352942,0.018528610354223433,0.027523495667032834,0.4542442631283614,0.012502390007987977
2011,all,zeros_included,district,Berea,2000,1.2665,0.06546859144325509,0.1597603279722485,2.421529199469964,0.38686429910169784
2011,all,zeros_included,district,Butha-Buthe,1786,0.3896976483762598,0.058463452158826805,0.04389782403027436,3.1213391144366147,0.13701999518435093
2011,all,zeros_included,district,Leribe,2828,1.1212871287128714,0.0925725883007627,0.2,2.0795424104759626,0.41590848209519254
2011,all,zeros_included,district,Mafeteng,2651,0.32214258770275367,0.08677861795803463,0.053863134657836646,3.5599443488480156,0.19174976183640527
2011,all,zeros_included,district,Maseru,3766,1.7060541688794477,0.12327735768764934,0.4052349416587827,2.5604465969043453,1.0375824273169612
2011,all,zeros_included,district,Mohale's Hoek,3440,0.18517441860465117,0.11260597728239877,0.040176600441501106,3.654511789199356,0.14682585996341785
2011,all,zeros_included,district,Mokhotlong,4158,0.13203463203463203,0.13610920161052734,0.03462630085146642,4.176943123991023,0.14463208925077717
2011,all,zeros_included,district,Qacha's Nek,2123,0.12623645784267545,0.06949490981701528,0.016903185115105645,4.057708747435409,0.06858820210108418
2011,all,zeros_included,district,Quthing,2970,0.10875420875420876,0.09722085829323382,0.020372122358877327,3.8806731597045516,0.07905754844431222
2011,all,zeros_included,district,Thaba-Tseka,4827,0.08266003729024239,0.15800844544829618,0.025165562913907286,5.42002624341283,0.13639801142363414
2011,all,lit_only,district,Berea,255,9.933333333333334,0.15567765567765568,0.1597603279722485,0.3618902850863077,0.057815710635359036
2011,all,lit_only,district,Butha-Buthe,99,7.03030303030303,0.06043956043956044,0.04389782403027437,0.2287252031347604,0.010040538718498472
2011,all,lit_only,district,Leribe,429,7.391608391608392,0.2619047619047619,0.2,0.19367430238751604,0.038734860477503213
2011,all,lit_only,district,Mafeteng,90,9.488888888888889,0.054945054945054944,0.05386313465783665,0.17706181288925515,0.009537104270414628
2011,all,lit_only,district,Maseru,459,13.997821350762527,0.2802197802197802,0.40523494165878277,0.45572809774779266,0.18467694910309482
2011,all,lit_only,district,Mohale's Hoek,96,6.635416666666667,0.05860805860805861,0.040176600441501106,0.07563323029974822,0.0030386860738530193
2011,all,lit_only,district,Mokhotlong,72,7.625,0.04395604395604396,0.03462630085146642,0.12081977458912085,0.004183541863729256
2011,all,lit_only,district,Qacha's Nek,38,7.052631578947368,0.0231990231990232,0.01690318511510565,0.034709445458539046,0.0005867001818283485
2011,all,lit_only,district,Quthing,65,4.969230769230769,0.03968253968253968,0.020372122358877327,0.05874319780344317,0.001196723613403478
2011,all,lit_only,district,Thaba-Tseka,35,11.4,0.021367521367521368,0.02516556291390729,0.4933938692417512,0.012416534457739437
2012,all,zeros_included,district,Berea,2000,1.2635,0.06546859144325509,0.1603324662140727,2.55031263508278,0.40889791439973255
2012,all,zeros_included,district,Butha-Buthe,1786,0.3997760358342665,0.058463452158826805,0.04530169405494575,3.1152984895203253,0.1411282990620844
2012,all,zeros_included,district,Leribe,2828,1.0335926449787836,0.0925725883007627,0.18545777552185774,2.232621292211851,0.4140569784363454
2012,all,zeros_included,district,Mafeteng,2651,0.34741606940777064,0.08677861795803463,0.05843537846583339,3.428264210248596,0.2003319166067481
2012,all,zeros_included,district,Maseru,3766,1.6922464152947425,0.12327735768764934,0.4043525157033183,2.5698476156399352,1.039124348358182
2012,all,zeros_included,district,Mohale's Hoek,3440,0.20465116279069767,0.11260597728239877,0.0446672165471734,3.5806519629793496,0.1599377566104601
2012,all,zeros_included,district,Mokhotlong,4158,0.1471861471861472,0.13610920161052734,0.03883002347566779,4.236155745533683,0.16449002704565788
2012,all,zeros_included,district,Qacha's Nek,2123,0.11917098445595854,0.06949490981701528,0.016052280946640442,4.13596259744962,0.06639163359905804
2012,all,zeros_included,district,Quthing,2970,0.10471380471380472,0.09722085829323382,0.019732250491720067,3.9139509599739988,0.07723106075451516
2012,all,zeros_included,district,Thaba-Tseka,4827,0.08763206960845245,0.15800844544829618,0.026838398578770382,5.324683225204879,0.14290597070374111
2012,all,lit_only,district,Berea,227,11.13215859030837,0.14532650448143405,0.1603324662140727,0.37436019302210033,0.06002209299960964
2012,all,lit_only,district,Butha-Buthe,95,7.515789473684211,0.06081946222791293,0.04530169405494575,0.18144161968442196,0.008219612743777506
2012,all,lit_only,district,Leribe,364,8.030219780219781,0.2330345710627401,0.18545777552185774,0.1824501328321282,0.03383679577871396
2012,all,lit_only,district,Mafeteng,104,8.85576923076923,0.06658130601792574,0.05843537846583339,0.18996290310094333,0.011100554137172059
2012,all,lit_only,district,Maseru,463,13.764578833693305,0.29641485275288093,0.4043525157033183,0.47380596050907187,0.1915846320870703
2012,all,lit_only,district,Mohale's Hoek,108,6.518518518518518,0.06914212548015365,0.0446672165471734,0.11955643973612529,0.005340253383302595
2012,all,lit_only,district,Mokhotlong,67,9.134328358208956,0.04289372599231754,0.03883002347566779,0.10805889650669043,0.004195929488109545
2012,all,lit_only,district,Qacha's Nek,35,7.228571428571429,0.02240717029449424,0.016052280946640442,0.030725197235777157,0.0004932094981696352
2012,all,lit_only,district,Quthing,62,5.016129032258065,0.03969270166453265,0.019732250491720067,0.044768113222344974,0.0008833756241449963
2012,all,lit_only,district,Thaba-Tseka,37,11.432432432432432,0.023687580025608196,0.026838398578770382,0.4536207021886103,0.012174453208919621
2013,all,zeros_included,district,Berea,2000,1.253,0.06546859144325509,0.16341701988914248,2.695300244862488,0.4404579337219038
2013,all,zeros_included,district,Butha-Buthe,1786,0.3885778275475924,0.058463452158826805,0.04525595044016955,3.1820457977708942,0.14400650692226938
2013,all,zeros_included,district,Leribe,2828,0.9575671852899575,0.0925725883007627,0.1765895011411803,2.3756683470313615,0.41951808827916054
2013,all,zeros_included,district,Mafeteng,2651,0.32138815541305166,0.08677861795803463,0.05555917835017933,3.5734479118623383,0.19853782986023558
2013,all,zeros_included,district,Maseru,3766,1.6901221455124802,0.12327735768764934,0.4150635800456472,2.5902732976105334,1.075128108202872
2013,all,zeros_included,district,Mohale's Hoek,3440,0.19767441860465115,0.11260597728239877,0.04434300619497881,3.7495077186819668,0.16626444399763532
2013,all,zeros_included,district,Mokhotlong,4158,0.13083213083213083,0.13610920161052734,0.035474404955983044,4.43595522524822,0.15736287202706434
2013,all,zeros_included,district,Qacha's Nek,2123,0.09797456429580782,0.06949490981701528,0.013563743071405282,4.42381852871733,0.060003537918044
2013,all,zeros_included,district,Quthing,2970,0.09831649831649832,0.09722085829323382,0.019041408542549723,4.072486549632299,0.0775458801755873
2013,all,zeros_included,district,Thaba-Tseka,4827,0.10068365444375388,0.15800844544829618,0.03169220736876426,5.17378428951045,0.16396864458441984
2013,all,lit_only,district,Berea,200,12.53,0.14104372355430184,0.16341701988914248,0.3927151518684422,0.06417633978365282
2013,all,lit_only,district,Butha-Buthe,90,7.711111111111111,0.06346967559943582,0.04525595044016955,0.19412170666471473,0.00878516233617946
2013,all,lit_only,district,Leribe,322,8.409937888198758,0.22708039492242596,0.1765895011411803,0.20289486555930658,0.03582910309322479
2013,all,lit_only,district,Mafeteng,89,9.573033707865168,0.06276445698166432,0.05555917835017933,0.17939207530545298,0.009966876306504464
2013,all,lit_only,district,Maseru,445,14.303370786516854,0.3138222849083216,0.4150635800456472,0.4545788705596756,0.1886791334276058
2013,all,lit_only,district,Mohale's Hoek,95,7.157894736842105,0.06699576868829338,0.04434300619497881,0.16015785991506348,0.007101880974388208
2013,all,lit_only,district,Mokhotlong,55,9.89090909090909,0.038787023977433006,0.035474404955983044,0.11049894206273292,0.003919884217941096
2013,all,lit_only,district,Qacha's Nek,26,8.0,0.018335684062059238,0.013563743071405282,0.021329605035556476,0.0002893092825168404
2013,all,lit_only,district,Quthing,56,5.214285714285714,0.039492242595204514,0.019041408542549723,0.10152100857070301,0.001933102999846448
2013,all,lit_only,district,Thaba-Tseka,40,12.15,0.028208744710860368,0.03169220736876426,0.3806833079638934,0.012064694337818857
2014,all,zeros_included,district,Berea,2000,1.247708333492279,0.06546859144325509,0.15737153906914528,2.6910677559471097,0.42349747449274766
2014,all,zeros_included,district,Butha-Buthe,1786,0.3862122058334436,0.058463452158826805,0.043500131556209944,3.0932963038520853,0.13455879615990368
2014,all,zeros_included,district,Leribe,2828,1.0272525066702167,0.0925725883007627,0.18320601807176945,2.3273139957076228,0.4263779299562927
2014,all,zeros_included,district,Mafeteng,2651,0.3334482941974653,0.08677861795803463,0.05574698043217997,3.472416691489724,0.19357674535285274
2014,all,zeros_included,district,Maseru,3766,1.7312571986900387,0.12327735768764934,0.411173416604989,2.5376870185610763,1.0434294416958858
2014,all,zeros_included,district,Mohale's Hoek,3440,0.2067183462686317,0.11260597728239877,0.04484567707415889,3.652112906292536,0.16378147603396295
2014,all,zeros_included,district,Mokhotlong,4158,0.135142047683914,0.13610920161052734,0.03543709402109338,4.3070046901465435,0.1526277301540132
2014,all,zeros_included,district,Qacha's Nek,2123,0.08867169100329722,0.06949490981701528,0.011871841933942619,4.542818357447134,0.053931621474225214
2014,all,zeros_included,district,Quthing,2970,0.12446689116031634,0.09722085829323382,0.023312744944794742,4.066654176231857,0.09480487158917766
2014,all,zeros_included,district,Thaba-Tseka,4827,0.11016208443405566,0.15800844544829618,0.03353455629171684,4.921791509597491,0.16505009443469107
2014,all,lit_only,district,Berea,215,11.606589148765387,0.1326341764342998,0.15737153906914528,0.4608033245326899,0.07251732838988824
2014,all,lit_only,district,Butha-Buthe,100,6.897749996185302,0.061690314620604564,0.043500131556209944,0.21073272840373236,0.009166901408761417
2014,all,lit_only,district,Leribe,361,8.047285564718484,0.22270203578038247,0.18320601807176945,0.26886692702404025,0.049258039091267435
2014,all,lit_only,district,Mafeteng,110,8.036103890158913,0.06785934608266501,0.05574698043217997,0.29020485099311477,0.01617804414963687
2014,all,lit_only,district,Maseru,501,13.013801617298773,0.3090684762492289,0.411173416604989,0.5205244104288433,0.2140258002623251
2014,all,lit_only,district,Mohale's Hoek,112,6.349206349679402,0.06909315237507711,0.04484567707415889,0.22738502722018672,0.010197235502215322
2014,all,lit_only,district,Mokhotlong,75,7.492275123596191,0.04626773596545342,0.03543709402109338,0.291703335264895,0.010337118518048609
2014,all,lit_only,district,Qacha's Nek,23,8.184782608695652,0.01418877236273905,0.011871841933942619,0.017727111673026652,0.0002104534677275215
2014,all,lit_only,district,Quthing,61,6.0601092909203205,0.03763109191856878,0.023312744944794742,0.18121080860842298,0.004224521362328181
2014,all,lit_only,district,Thaba-Tseka,63,8.440513993066455,0.038864898210980874,0.03353455629171684,0.5829458003285306,0.019548828756137032
2015,all,zeros_included,district,Berea,2000,1.216875000178814,0.06546859144325509,0.1560386291059468,2.746107409111959,0.42849883549551343
2015,all,zeros_included,district,Butha-Buthe,1786,0.38537234047892915,0.058463452158826805,0.044128397512889564,3.0918176889232756,0.13643696001418984
2015,all,zeros_included,district,Leribe,2828,0.9964920703896033,0.0925725883007627,0.18067972205012672,2.3770273640071955,0.4294806434343655
2015,all,zeros_included,district,Mafeteng,2651,0.3309963892559338,0.08677861795803463,0.056258629140939535,3.4917575304320456,0.19644149195465935
2015,all,zeros_included,district,Maseru,3766,1.714504129381428,0.12327735768764934,0.41397585583130314,2.549660976775037,1.0554980849401223
2015,all,zeros_included,district,Mohale's Hoek,3440,0.2070090439430503,0.11260597728239877,0.04565663751035623,3.647792769174294,0.1665459521750893
2015,all,zeros_included,district,Mokhotlong,4158,0.13201554455741085,0.13610920161052734,0.03519376404594833,4.341160061952081,0.15278176290603598
2015,all,zeros_included,district,Qacha's Nek,2123,0.08867169100329722,0.06949490981701528,0.012069551895173322,4.542818357447134,0.05482978191555421
2015,all,zeros_included,district,Quthing,2970,0.12480359149701667,0.09722085829323382,0.02376510263003159,4.058603034160117,0.0964531176413728
2015,all,zeros_included,district,Thaba-Tseka,4827,0.10415421204955182,0.15800844544829618,0.032233710277284784,5.041576185427165,0.16250870610191784
2015,all,lit_only,district,Berea,204,11.930147060576607,0.1285444234404537,0.1560386291059468,0.4633249434140927,0.0722965890009254
2015,all,lit_only,district,Butha-Buthe,101,6.814603961340271,0.06364209199747953,0.044128397512889564,0.21920444432809094,0.009673140855902066
2015,all,lit_only,district,Leribe,344,8.192091787970343,0.21676118462507876,0.18067972205012672,0.2703439943641306,0.04884567775963214
2015,all,lit_only,district,Mafeteng,106,8.278032338844156,0.06679269061121614,0.056258629140939535,0.2725044182550871,0.015330725005880418
2015,all,lit_only,district,Maseru,505,12.785787230198926,0.3182104599873976,0.41397585583130314,0.5404506968332994,0.22373353975618926
2015,all,lit_only,district,Mohale's Hoek,113,6.3018682403902035,0.07120352867044738,0.04565663751035623,0.2319538375191903,0.010590232278749738
2015,all,lit_only,district,Mokhotlong,73,7.519460743420745,0.045998739760554505,0.03519376404594833,0.2988300346825139,0.010516953730458951
2015,all,lit_only,district,Qacha's Nek,23,8.184782608695652,0.014492753623188406,0.012069551895173322,0.017727111673026652,0.00021395829428912794
2015,all,lit_only,district,Quthing,62,5.978494624937734,0.039067422810333964,0.02376510263003159,0.18942018740846311,0.0045015901939619435
2015,all,lit_only,district,Thaba-Tseka,56,8.977721099342618,0.03528670447385003,0.032233710277284784,0.5849474405018213,0.01885502632457499
2016,all,zeros_included,district,Berea,2000,1.214875000178814,0.06546859144325509,0.1548210142705428,2.7520257096579726,0.4260714116678576
2016,all,zeros_included,district,Butha-Buthe,1786,0.39551605102329745,0.058463452158826805,0.045010504932959806,3.0445478567349964,0.13703663632420277
2016,all,zeros_included,district,Leribe,2828,0.9933184492368846,0.0925725883007627,0.17899307309110196,2.382594845494207,0.4264679733260274
2016,all,zeros_included,district,Mafeteng,2651,0.3298647408213808,0.08677861795803463,0.055720363576856474,3.497027019332795,0.19485561695531403
2016,all,zeros_included,district,Maseru,3766,1.7283350243824185,0.12327735768764934,0.41474061186684813,2.556657440268139,1.0603496711107376
2016,all,zeros_included,district,Mohale's Hoek,3440,0.20679102068723634,0.11260597728239877,0.04532715247528962,3.6555211402886774,0.16569436410250946
2016,all,zeros_included,district,Mokhotlong,4158,0.13050573751753256,0.13610920161052734,0.03457660970584878,4.3741777795637535,0.15124423786797217
2016,all,zeros_included,district,Qacha's Nek,2123,0.08867169100329722,0.06949490981701528,0.01199508423999996,4.542818357447134,0.05449148888459662
2016,all,zeros_included,district,Quthing,2970,0.14353375242214012,0.09722085829323382,0.027163067044956177,3.945121881869018,0.10716161017773182
2016,all,zeros_included,district,Thaba-Tseka,4827,0.10291120396999931,0.15800844544829618,0.03165251879559643,5.078784526037982,0.1607563226692015
2016,all,lit_only,district,Berea,201,12.088308459490685,0.1272957568081064,0.15482101427054276,0.45442815817496607,0.07035502836174289
2016,all,lit_only,district,Butha-Buthe,109,6.4806574965835715,0.06903103229892336,0.0450105049329598,0.24816197752769553,0.011169895913683399
2016,all,lit_only,district,Leribe,342,8.21375606561962,0.21659278024065864,0.17899307309110196,0.27008055554034893,0.048342548618319096
2016,all,lit_only,district,Mafeteng,107,8.172630167453088,0.06776440785307157,0.05572036357685647,0.2871636475056758,0.016000862845072506
2016,all,lit_only,district,Maseru,489,13.310653786961531,0.30968967701076633,0.4147406118668481,0.5152512205259132,0.2136956064660575
2016,all,lit_only,district,Mohale's Hoek,112,6.351438492536545,0.07093096896770108,0.045327152475289616,0.23079326121632793,0.010461201341421842
2016,all,lit_only,district,Mokhotlong,69,7.864389226056527,0.04369854338188727,0.034576609705848776,0.275494815743055,0.009525676719932336
2016,all,lit_only,district,Qacha's Nek,23,8.184782608695652,0.014566181127295756,0.011995084239999959,0.017727111673026652,0.0002126381978498413
2016,all,lit_only,district,Quthing,74,5.760746549915623,0.046865104496516784,0.027163067044956173,0.2528697432764424,0.006868717790258861
2016,all,lit_only,district,Thaba-Tseka,53,9.372686444588428,0.03356554781507283,0.03165251879559642,0.5670960039296102,0.01795001692328961
2017,all,zeros_included,district,Berea,2000,1.356083335995674,0.06546859144325509,0.15912895629732132,2.484739479941944,0.39539400011391057
2017,all,zeros_included,district,Butha-Buthe,1786,0.5310796959803326,0.058463452158826805,0.055651130613819835,2.6456601970590916,0.14723398118631983
2017,all,zeros_included,district,Leribe,2828,1.1150462215152455,0.0925725883007627,0.1850142224705666,2.2023571602787246,0.40746739761145323
2017,all,zeros_included,district,Mafeteng,2651,0.3524429239627776,0.08677861795803463,0.05481903203743713,3.352667373681858,0.183789980168736
2017,all,zeros_included,district,Maseru,3766,1.7645958691471382,0.12327735768764934,0.38990464883431175,2.5148562985520595,0.9805541619556978
2017,all,zeros_included,district,Mohale's Hoek,3440,0.21804102118625196,0.11260597728239877,0.04400778288610093,3.547375230566039,0.15611211896228247
2017,all,zeros_included,district,Mokhotlong,4158,0.14521633563791692,0.13610920161052734,0.03542687117363337,4.142595889493419,0.1467592109015065
2017,all,zeros_included,district,Qacha's Nek,2123,0.09715025906735751,0.06949490981701528,0.012101154245150025,4.332048454980119,0.05242278655117827
2017,all,zeros_included,district,Quthing,2970,0.18304233013178764,0.09722085829323382,0.03189633797255666,3.76154866097413,0.11997962739064878
2017,all,zeros_included,district,Thaba-Tseka,4827,0.11316602087327109,0.15800844544829618,0.03204986346910239,4.840324868301428,0.15513175117516176
2017,all,lit_only,district,Berea,284,9.54988264785686,0.14564102564102563,0.15912895629732132,0.5328112585610683,0.084785699478285
2017,all,lit_only,district,Butha-Buthe,168,5.645882958457584,0.08615384615384615,0.055651130613819835,0.28189041502590606,0.01568752030539058
2017,all,lit_only,district,Leribe,433,7.282565160381326,0.22205128205128205,0.1850142224705666,0.32576986126475127,0.06027205758624231
2017,all,lit_only,district,Mafeteng,134,6.972583518099429,0.06871794871794872,0.05481903203743713,0.36781496734374386,0.02016326047866559
2017,all,lit_only,district,Maseru,513,12.95412873919712,0.2630769230769231,0.38990464883431175,0.521363434505731,0.20328202684600774
2017,all,lit_only,district,Mohale's Hoek,129,5.814427231633386,0.06615384615384616,0.04400778288610093,0.2639608845602668,0.011616333298151373
2017,all,lit_only,district,Mokhotlong,95,6.355889721920616,0.04871794871794872,0.03542687117363337,0.3636833126760022,0.012884161866172953
2017,all,lit_only,district,Qacha's Nek,32,6.4453125,0.01641025641025641,0.012101154245150025,0.13719889607658908,0.001660265003687113
2017,all,lit_only,district,Quthing,92,5.909083918384884,0.04717948717948718,0.03189633797255666,0.28702000622642476,0.009154887123483361
2017,all,lit_only,district,Thaba-Tseka,70,7.803605467932565,0.035897435897435895,0.03204986346910239,0.6068396746902942,0.019449128721458438
2018,all,zeros_included,district,Berea,2000,1.3138333359956742,0.06546859144325509,0.15019282764150213,2.5660008671924897,0.3853949259741866
2018,all,zeros_included,district,Butha-Buthe,1786,0.5576767747906795,0.058463452158826805,0.05693022937763274,2.6701135075859748,0.15201017445118506
2018,all,zeros_included,district,Leribe,2828,1.1018743692901212,0.0925725883007627,0.1781108626879246,2.23801863761947,0.39861543025805746
2018,all,zeros_included,district,Mafeteng,2651,0.3539517885421816,0.08677861795803463,0.05363308270506343,3.3511213226584933,0.17973096705284453
2018,all,zeros_included,district,Maseru,3766,1.8039745205397055,0.12327735768764934,0.38831988996096856,2.463945910369245,0.9567992047843638
2018,all,zeros_included,district,Mohale's Hoek,3440,0.21886466464330984,0.11260597728239877,0.04303412872784435,3.540506210960892,0.15236260004422347
2018,all,zeros_included,district,Mokhotlong,4158,0.2330765800443964,0.13610920161052734,0.05539391279876435,3.797463575272333,0.21035636614511952
2018,all,zeros_included,district,Qacha's Nek,2123,0.09715025906735751,0.06949490981701528,0.011788888990849069,4.338769882185549,0.05114927649792472
2018,all,zeros_included,district,Quthing,2970,0.17908610117555868,0.09722085829323382,0.03040165679850182,3.816477385466207,0.11602723565218716
2018,all,zeros_included,district,Thaba-Tseka,4827,0.11668787709866989,0.15800844544829618,0.03219452031094895,4.787031311577948,0.15411617678974485
2018,all,lit_only,district,Berea,259,10.145431165989761,0.13180661577608144,0.15019282764150213,0.5219264693499448,0.07838961225261401
2018,all,lit_only,district,Butha-Buthe,158,6.303865315038947,0.08040712468193384,0.05693022937763274,0.24497477917649713,0.01394647037025291
2018,all,lit_only,district,Leribe,414,7.526813324522857,0.21068702290076335,0.1781108626879246,0.3165595844283211,0.05638270067465917
2018,all,lit_only,district,Mafeteng,131,7.162795354391783,0.06666666666666667,0.05363308270506343,0.3436264395706192,0.0184297452531375
2018,all,lit_only,district,Maseru,542,12.534627388104301,0.27582697201017814,0.38831988996096856,0.5254432025917937,0.20404004661118422
2018,all,lit_only,district,Mohale's Hoek,130,5.79149574133066,0.06615776081424936,0.04303412872784435,0.2648139110490302,0.011396035937007888
2018,all,lit_only,district,Mokhotlong,143,6.777149788983218,0.0727735368956743,0.05539391279876435,0.4275187371142819,0.02368193564354639
2018,all,lit_only,district,Qacha's Nek,31,6.653225806451613,0.015776081424936386,0.011788888990849069,0.11217162496743871,0.0013223788346642888
2018,all,lit_only,district,Quthing,85,6.257479064604816,0.043256997455470736,0.03040165679850182,0.26281141015977805,0.007989902294407866
2018,all,lit_only,district,Thaba-Tseka,72,7.822949760489994,0.0366412213740458,0.03219452031094895,0.5817169949335104,0.018728099608611087
2019,all,zeros_included,district,Berea,2000,1.4610838585495949,0.06546859144325509,0.15783102907414154,2.4356667248867176,0.3844237856705146
2019,all,zeros_included,district,Butha-Buthe,1786,0.5652588978326334,0.058463452158826805,0.05452756593227646,2.6809485152217487,0.14618559692479258
2019,all,zeros_included,district,Leribe,2828,1.123591719708989,0.0925725883007627,0.17162287967882311,2.1952341059333316,0.376752398829445
2019,all,zeros_included,district,Mafeteng,2651,0.3639480163807331,0.08677861795803463,0.052111831151673255,3.285543927105054,0.17121571037070404
2019,all,zeros_included,district,Maseru,3766,1.97596136810168,0.12327735768764934,0.40192592023517065,2.4038580507633034,0.9661728591677643
2019,all,zeros_included,district,Mohale's Hoek,3440,0.22501776551091393,0.11260597728239877,0.04180829915155412,3.4989632457816695,0.1462857020999328
2019,all,zeros_included,district,Mokhotlong,4158,0.2353613323291487,0.13610920161052734,0.05285752799280242,3.8121209955208224,0.2014992922326917
2019,all,zeros_included,district,Qacha's Nek,2123,0.09809232218558643,0.06949490981701528,0.011247921059547554,4.309842090260258,0.0484767636103628
2019,all,zeros_included,district,Quthing,2970,0.1636540023566095,0.09722085829323382,0.026252479614746096,3.981344080239074,0.10452015430576633
2019,all,zeros_included,district,Thaba-Tseka,4827,0.11435723697420527,0.15800844544829618,0.0298145461092648,4.842454600278533,0.14437558596202577
2019,all,lit_only,district,Berea,306,9.549567702938528,0.14662194537613799,0.15783102907414154,0.5583493672970161,0.08812485522338388
2019,all,lit_only,district,Butha-Buthe,156,6.471489689288995,0.07474844274077623,0.05452756593227646,0.2430707610348415,0.013254056948535934
2019,all,lit_only,district,Leribe,441,7.205254837498914,0.21130809774796358,0.17162287967882311,0.3369539543637141,0.057829007967067365
2019,all,lit_only,district,Mafeteng,141,6.84273894627889,0.06756109247724006,0.052111831151673255,0.3516116111941969,0.018323124913519777
2019,all,lit_only,district,Maseru,600,12.40245085378488,0.2874940105414471,0.40192592023517065,0.5670189967623518,0.22789963206453148
2019,all,lit_only,district,Mohale's Hoek,136,5.6916258335113525,0.06516530905606133,0.04180829915155412,0.26839138115027716,0.01122098715282957
2019,all,lit_only,district,Mokhotlong,135,7.24912903573778,0.06468615237182558,0.05285752799280242,0.3846063055412938,0.020329338561357258
2019,all,lit_only,district,Qacha's Nek,33,6.3106060606060606,0.01581217057977959,0.011247921059547554,0.14576419002348184,0.0016395441026930129
2019,all,lit_only,district,Quthing,72,6.750727597210142,0.03449928126497365,0.026252479614746096,0.2616929674583841,0.006870089293523642
2019,all,lit_only,district,Thaba-Tseka,67,8.238841535440132,0.03210349784379492,0.0298145461092648,0.5651667840090053,0.01685019114126139
2020,all,zeros_included,district,Berea,2000,1.7916051009297371,0.06546859144325509,0.1668863599827442,1.976962494164181,0.32992807447346734
2020,all,zeros_included,district,Butha-Buthe,1786,0.7129819302382688,0.058463452158826805,0.05930735204716999,2.2842780407565124,0.1354744819367662
2020,all,zeros_included,district,Leribe,2828,1.4929523665716153,0.0925725883007627,0.19664092703298675,1.6660840903941074,0.3276203200500078
2020,all,zeros_included,district,Mafeteng,2651,0.4056555493648706,0.08677861795803463,0.050085925768940796,3.1158295176090673,0.15605920592764236
2020,all,zeros_included,district,Maseru,3766,2.0414552618643103,0.12327735768764934,0.3580706617178861,2.324032558372829,0.8321678760304707
2020,all,zeros_included,district,Mohale's Hoek,3440,0.2595751457782679,0.11260597728239877,0.04158819823705874,3.4073324842005386,0.14170481881250183
2020,all,zeros_included,district,Mokhotlong,4158,0.323481766004411,0.13610920161052734,0.06264448549615148,3.329067035732093,0.2085476916356351
2020,all,zeros_included,district,Qacha's Nek,2123,0.1188177107866227,0.06949490981701528,0.011748427229806761,3.9402474819298505,0.046291710808882176
2020,all,zeros_included,district,Quthing,2970,0.17476511350785842,0.09722085829323382,0.02417462516756115,3.8365005276481066,0.09274596221104354
2020,all,zeros_included,district,Thaba-Tseka,4827,0.1283410778691711,0.15800844544829618,0.028853037319694023,4.569540503886392,0.1318451226924875
2020,all,lit_only,district,Berea,512,6.9984574255067855,0.17414965986394557,0.1668863599827442,0.6143846596616065,0.10253241948016265
2020,all,lit_only,district,Butha-Buthe,242,5.261924493411356,0.08231292517006802,0.05930735204716999,0.2854820054767546,0.016931181801942
2020,all,lit_only,district,Leribe,779,5.419857885320318,0.2649659863945578,0.19664092703298675,0.3767701092483924,0.07408842356092357
2020,all,lit_only,district,Mafeteng,168,6.401147984323048,0.05714285714285714,0.050085925768940796,0.35710129072330044,0.01788574873916017
2020,all,lit_only,district,Maseru,663,11.595958546276007,0.22551020408163266,0.3580706617178861,0.5870388393415937,0.2102013856571443
2020,all,lit_only,district,Mohale's Hoek,141,6.332897173597457,0.04795918367346939,0.04158819823705874,0.21286562421126298,0.008852697777553256
2020,all,lit_only,district,Mokhotlong,212,6.344515014369533,0.07210884353741497,0.06264448549615148,0.3528638419861474,0.022104973831417497
2020,all,lit_only,district,Qacha's Nek,50,5.045,0.017006802721088437,0.011748427229806761,0.19168502565474066,0.0022519975749483627
2020,all,lit_only,district,Quthing,86,6.035492873469065,0.029251700680272108,0.02417462516756115,0.29453059210486887,0.0071201666645150504
2020,all,lit_only,district,Thaba-Tseka,87,7.120717044534354,0.02959183673469388,0.028853037319694023,0.5534681868804827,0.015969238251325953
2021,all,zeros_included,district,Berea,2000,1.9500824835896493,0.06546859144325509,0.17494372661412594,1.8177030899310993,0.3179957524305582
2021,all,zeros_included,district,Butha-Buthe,1786,0.7361248943867101,0.058463452158826805,0.05897233937103252,2.2372776311888334,0.13193749573368763
2021,all,zeros_included,district,Leribe,2828,1.59762966055344,0.0925725883007627,0.2026613430615095,1.583576739571134,0.32092978888245227
2021,all,zeros_included,district,Mafeteng,2651,0.4675347415603183,0.08677861795803463,0.055595419583927046,2.9525762062276937,0.16414971303874815
2021,all,zeros_included,district,Maseru,3766,2.0622731068320435,0.12327735768764934,0.34837091612413745,2.3059215241769824,0.8033159938879028
2021,all,zeros_included,district,Mohale's Hoek,3440,0.2603018899643144,0.11260597728239877,0.0401653134471108,3.4096014504782146,0.13694771098818112
2021,all,zeros_included,district,Mokhotlong,4158,0.3025445021248139,0.13610920161052734,0.056427283980780396,3.45041657375492,0.1946976358592602
2021,all,zeros_included,district,Qacha's Nek,2123,0.12541215261422514,0.06949490981701528,0.011942768473380246,3.8587419797535087,0.046084062062709076
2021,all,zeros_included,district,Quthing,2970,0.17667308218952782,0.09722085829323382,0.023536518973603718,3.8118150454914064,0.08971685714207661
2021,all,zeros_included,district,Thaba-Tseka,4827,0.1264765657498423,0.15800844544829618,0.027384370370392343,4.59770813158609,0.12590534233031808
2021,all,lit_only,district,Berea,585,6.6669486618449545,0.18993506493506493,0.17494372661412594,0.5884124776208737,0.10293907162124662
2021,all,lit_only,district,Butha-Buthe,251,5.23792454730942,0.08149350649350649,0.05897233937103252,0.2749968088841732,0.016217205139468435
2021,all,lit_only,district,Leribe,822,5.49646798059018,0.2668831168831169,0.2026613430615095,0.34799210761085075,0.07052454790322037
2021,all,lit_only,district,Mafeteng,199,6.228314572243235,0.0646103896103896,0.055595419583927046,0.3631888246631607,0.02019163509534173
2021,all,lit_only,district,Maseru,663,11.714208929607052,0.21525974025974026,0.34837091612413745,0.5689278051457469,0.19819790068711862
2021,all,lit_only,district,Mohale's Hoek,141,6.350627670051359,0.04577922077922078,0.0401653134471108,0.21513459048893901,0.008640948260304057
2021,all,lit_only,district,Mokhotlong,189,6.655979046745906,0.06136363636363636,0.056427283980780396,0.3593741203966041,0.020278505546962346
2021,all,lit_only,district,Qacha's Nek,54,4.930555555555555,0.01753246753246753,0.011942768473380246,0.18714056461452722,0.0022349764351689543
2021,all,lit_only,district,Quthing,90,5.830211712254418,0.02922077922077922,0.023536518973603718,0.31530748402492637,0.00742124058027193
2021,all,lit_only,district,Thaba-Tseka,86,7.098864917145219,0.02792207792207792,0.027384370370392343,0.5700749921791053,0.015611144724731138
2022,all,zeros_included,district,Berea,2000,2.0774158173799515,0.06546859144325509,0.1777752204876437,1.7018337313259861,0.30254386681978657
2022,all,zeros_included,district,Butha-Buthe,1786,0.7761024977565479,0.058463452158826805,0.05930869006306452,2.1601320161366186,0.1281146002403494
2022,all,zeros_included,district,Leribe,2828,1.6913753379942504,0.0925725883007627,0.20466199124361217,1.527782401437075,0.3126789884650594
2022,all,zeros_included,district,Mafeteng,2651,0.5180817049703522,0.08677861795803463,0.05876595257812315,2.7606010339221645,0.16222934944658765
2022,all,zeros_included,district,Maseru,3766,2.0812720447477986,0.12327735768764934,0.33537212514838816,2.2797574324878207,0.7645670949562735
2022,all,zeros_included,district,Mohale's Hoek,3440,0.26437165740617485,0.11260597728239877,0.038912679100512264,3.3745136923676426,0.13131136843138683
2022,all,zeros_included,district,Mokhotlong,4158,0.33874994180935286,0.13610920161052734,0.060267268808323074,3.2944279570766573,0.19854617525879353
2022,all,zeros_included,district,Qacha's Nek,2123,0.13624587847385775,0.06949490981701528,0.012376309570730042,3.683337401904212,0.045586123939415024
2022,all,zeros_included,district,Quthing,2970,0.19440596669611304,0.09722085829323382,0.02470494183542799,3.630324303423712,0.08968695075982343
2022,all,zeros_included,district,Thaba-Tseka,4827,0.1348668702868218,0.15800844544829618,0.027854821164174932,4.43234561970789,0.12346219457477739
2022,all,lit_only,district,Berea,635,6.543041944503784,0.1888195063931014,0.1777752204876437,0.5545562706765956,0.0985863632923372
2022,all,lit_only,district,Butha-Buthe,275,5.040432949066162,0.08177222717811478,0.05930869006306452,0.2891693523667458,0.01715025549525642
2022,all,lit_only,district,Leribe,869,5.504268648846652,0.2584002378828427,0.20466199124361217,0.3478004996860038,0.07118154282126085
2022,all,lit_only,district,Mafeteng,238,5.770733612926066,0.07077014570324115,0.05876595257812315,0.3501795013046134,0.020578631967497724
2022,all,lit_only,district,Maseru,690,11.359522493507551,0.20517395182872436,0.33537212514838816,0.5826803208620279,0.195414737489643
2022,all,lit_only,district,Mohale's Hoek,148,6.144854739711091,0.0440083258994945,0.038912679100512264,0.22849921576431376,0.008891516657755455
2022,all,lit_only,district,Mokhotlong,225,6.260098924636841,0.06690454950936664,0.060267268808323074,0.3777388908631192,0.022765291275005418
2022,all,lit_only,district,Qacha's Nek,69,4.192028985507246,0.020517395182872437,0.012376309570730042,0.25685844479821496,0.003178959628678982
2022,all,lit_only,district,Quthing,110,5.248961100795052,0.03270889087124591,0.02470494183542799,0.3344874374193827,0.008263492686127208
2022,all,lit_only,district,Thaba-Tseka,104,6.259638296870085,0.030924769550996135,0.027854821164174932,0.5947560831887697,0.01656682433352833
