year,gid,name,pixels,area_km2,sum_of_lights,mean_dn,density_sol_per_km2
1992,PSE.1.1_1,Deir Al-Balah,56,56.0084,1219.0,21.767857142857142,21.764605791680594
1992,PSE.1.2_1,Gaza,69,69.2082,2032.0,29.44927536231884,29.360661678990514
1992,PSE.1.3_1,Gaza ash Shamaliyah,53,53.2084,1792.0,33.81132075471698,33.67888002252825
1992,PSE.1.4_1,Khan Yunis,112,113.2505,2692.0,24.035714285714285,23.770312084759734
1992,PSE.1.5_1,Rafah,51,50.8094,1144.0,22.431372549019606,22.515523807986554
1992,PSE.2.1_1,Bethlehem,764,762.9455,7077.0,9.263089005235603,9.275891920786174
1992,PSE.2.2_1,Hebron,1045,1042.2966,12586.0,12.044019138755981,12.075258199204661
1992,PSE.2.3_1,Jenin,585,582.5743,6501.0,11.112820512820512,11.159091658619133
1992,PSE.2.4_1,Jericho,607,605.9758,7063.0,11.635914332784184,11.655581779733112
1992,PSE.2.5_1,Jerusalem,365,370.7993,13097.0,35.88219178082192,35.32099086340362
1992,PSE.2.6_1,Nablus,619,618.1069,8991.0,14.525040387722132,14.546026526909337
1992,PSE.2.7_1,Qalqilya,192,194.4732,6714.0,34.96875,34.52404151649962
1992,PSE.2.8_1,Ramallah and Al-Bireh,861,858.0791,18128.0,21.05458768873403,21.126256501697842
1992,PSE.2.9_1,Salfit,208,207.6911,5793.0,27.85096153846154,27.892386738006568
1992,PSE.2.10_1,Tubas,365,370.7552,2908.0,7.967123287671233,7.8434498863143824
1992,PSE.2.11_1,Tulkarm,268,263.7931,5232.0,19.52238805970149,19.833723489806285
1993,PSE.1.1_1,Deir Al-Balah,56,56.0084,1447.0,25.839285714285715,25.835426235079424
1993,PSE.1.2_1,Gaza,69,69.2082,2177.0,31.55072463768116,31.45578763541454
1993,PSE.1.3_1,Gaza ash Shamaliyah,53,53.2084,1892.0,35.698113207547166,35.55828180949969
1993,PSE.1.4_1,Khan Yunis,112,113.2505,3113.0,27.794642857142858,27.487734591328774
1993,PSE.1.5_1,Rafah,51,50.8094,1320.0,25.88235294117647,25.979450547676795
1993,PSE.2.1_1,Bethlehem,764,762.9455,8126.0,10.636125654450261,10.65082630327942
1993,PSE.2.2_1,Hebron,1045,1042.2966,13983.0,13.380861244019139,13.415567726003399
1993,PSE.2.3_1,Jenin,585,582.5743,7235.0,12.367521367521368,12.419016789741491
1993,PSE.2.4_1,Jericho,607,605.9758,7907.0,13.026359143327841,13.048376770826803
1993,PSE.2.5_1,Jerusalem,365,370.7993,13688.0,37.5013698630137,36.914844845252254
1993,PSE.2.6_1,Nablus,619,618.1069,9657.0,15.60096930533118,15.623509973347065
1993,PSE.2.7_1,Qalqilya,192,194.4732,7097.0,36.963541666666664,36.49346479633569
1993,PSE.2.8_1,Ramallah and Al-Bireh,861,858.0791,18733.0,21.75725900116144,21.831319673781206
1993,PSE.2.9_1,Salfit,208,207.6911,6315.0,30.360576923076923,30.405734895651904
1993,PSE.2.10_1,Tubas,365,370.7552,3281.0,8.98904109589041,8.849504496904226
1993,PSE.2.11_1,Tulkarm,268,263.7931,5604.0,20.91044776119403,21.24391942600811
1994,PSE.1.1_1,Deir Al-Balah,56,56.0084,1761.0,31.446428571428573,31.44173158256729
1994,PSE.1.2_1,Gaza,69,69.2082,2389.0,34.6231884057971,34.51900627515174
1994,PSE.1.3_1,Gaza ash Shamaliyah,53,53.2084,2215.0,41.79245283018868,41.62874958141745
1994,PSE.1.4_1,Khan Yunis,112,113.2505,3557.0,31.758928571428573,31.40824668851797
1994,PSE.1.5_1,Rafah,51,50.8094,1546.0,30.313725490196077,30.427447383869943
1994,PSE.2.1_1,Bethlehem,764,762.9455,8173.0,10.697643979057592,10.712429655021253
1994,PSE.2.2_1,Hebron,1045,1042.2966,14681.0,14.048803827751197,14.085242779479074
1994,PSE.2.3_1,Jenin,585,582.5743,7572.0,12.943589743589744,12.99748377773636
1994,PSE.2.4_1,Jericho,607,605.9758,8223.0,13.546952224052719,13.569849776970887
1994,PSE.2.5_1,Jerusalem,365,370.7993,13715.0,37.57534246575342,36.98766050939763
1994,PSE.2.6_1,Nablus,619,618.1069,9891.0,15.978998384491115,16.002085238311672
1994,PSE.2.7_1,Qalqilya,192,194.4732,7134.0,37.15625,36.68372239778199
1994,PSE.2.8_1,Ramallah and Al-Bireh,861,858.0791,19604.0,22.768873403019743,22.846377562846673
1994,PSE.2.9_1,Salfit,208,207.6911,6437.0,30.947115384615383,30.993145767745258
1994,PSE.2.10_1,Tubas,365,370.7552,3357.0,9.197260273972603,9.054491495308591
1994,PSE.2.11_1,Tulkarm,268,263.7931,5615.0,20.95149253731343,21.285618768207623
1995,PSE.1.1_1,Deir Al-Balah,56,56.0084,2302.0,41.107142857142854,41.10100289782504
1995,PSE.1.2_1,Gaza,69,69.2082,2858.0,41.42028985507246,41.29565505834394
1995,PSE.1.3_1,Gaza ash Shamaliyah,53,53.2084,2567.0,48.43396226415094,48.244243871556925
1995,PSE.1.4_1,Khan Yunis,112,113.2505,4125.0,36.830357142857146,36.42367657861587
1995,PSE.1.5_1,Rafah,51,50.8094,1723.0,33.78431372549019,33.91105552549024
1995,PSE.2.1_1,Bethlehem,764,762.9455,8871.0,11.611256544502618,11.627304963868045
1995,PSE.2.2_1,Hebron,1045,1042.2966,16942.0,16.21244019138756,16.254491054419624
1995,PSE.2.3_1,Jenin,585,582.5743,8611.0,14.719658119658119,14.780947280782858
1995,PSE.2.4_1,Jericho,607,605.9758,9289.0,15.303130148270181,15.328996057191118
1995,PSE.2.5_1,Jerusalem,365,370.7993,13991.0,38.33150684931507,37.731998409550286
1995,PSE.2.6_1,Nablus,619,618.1069,10804.0,17.45395799676898,17.47917590887871
1995,PSE.2.7_1,Qalqilya,192,194.4732,7421.0,38.651041666666664,38.159504333324946
1995,PSE.2.8_1,Ramallah and Al-Bireh,861,858.0791,21002.0,24.392566782810686,24.47559791751203
1995,PSE.2.9_1,Salfit,208,207.6911,6815.0,32.76442307692308,32.81315650259188
1995,PSE.2.10_1,Tubas,365,370.7552,3558.0,9.747945205479452,9.596628162141187
1995,PSE.2.11_1,Tulkarm,268,263.7931,5859.0,21.861940298507463,22.210585995178715
1996,PSE.1.1_1,Deir Al-Balah,56,56.0084,2343.0,41.839285714285715,41.833036398611675
1996,PSE.1.2_1,Gaza,69,69.2082,3106.0,45.01449275362319,44.87904290105538
1996,PSE.1.3_1,Gaza ash Shamaliyah,53,53.2084,2726.0,51.43396226415094,51.23249271284152
1996,PSE.1.4_1,Khan Yunis,112,113.2505,4317.0,38.544642857142854,38.11903316118417
1996,PSE.1.5_1,Rafah,51,50.8094,1786.0,35.01960784313726,35.15098384708391
1996,PSE.2.1_1,Bethlehem,764,762.9455,9555.0,12.506544502617801,12.52383033815344
1996,PSE.2.2_1,Hebron,1045,1042.2966,18722.0,17.91578947368421,17.962258382767335
1996,PSE.2.3_1,Jenin,585,582.5743,9598.0,16.406837606837605,16.47515178271442
1996,PSE.2.4_1,Jericho,607,605.9758,9748.0,16.059308072487646,16.086452100925722
1996,PSE.2.5_1,Jerusalem,365,370.7993,14387.0,39.416438356164385,38.79996148368237
1996,PSE.2.6_1,Nablus,619,618.1069,11725.0,18.94184168012924,18.9692093235471
1996,PSE.2.7_1,Qalqilya,192,194.4732,7789.0,40.567708333333336,40.05179615311521
1996,PSE.2.8_1,Ramallah and Al-Bireh,861,858.0791,22329.0,25.933797909407666,26.022075321403968
1996,PSE.2.9_1,Salfit,208,207.6911,7174.0,34.49038461538461,34.54168521637478
1996,PSE.2.10_1,Tubas,365,370.7552,3679.0,10.07945205479452,9.922989041179715
1996,PSE.2.11_1,Tulkarm,268,263.7931,6378.0,23.79850746268657,24.17803677713771
1997,PSE.1.1_1,Deir Al-Balah,56,56.0084,2406.0,42.964285714285715,42.957868363235036
1997,PSE.1.2_1,Gaza,69,69.2082,3267.0,47.34782608695652,47.20535516991241
1997,PSE.1.3_1,Gaza ash Shamaliyah,53,53.2084,2852.0,53.81132075471698,53.60053896442554
1997,PSE.1.4_1,Khan Yunis,112,113.2505,4575.0,40.848214285714285,40.397168569010326
1997,PSE.1.5_1,Rafah,51,50.8094,1893.0,37.11764705882353,37.25689385360013
1997,PSE.2.1_1,Bethlehem,764,762.9455,9869.0,12.917539267015707,12.935393156173344
1997,PSE.2.2_1,Hebron,1045,1042.2966,19643.0,18.79712918660287,18.845884062210168
1997,PSE.2.3_1,Jenin,585,582.5743,9777.0,16.712820512820514,16.782408728860062
1997,PSE.2.4_1,Jericho,607,605.9758,10124.0,16.678747940691927,16.706938968995896
1997,PSE.2.5_1,Jerusalem,365,370.7993,14699.0,40.271232876712325,39.64138693602885
1997,PSE.2.6_1,Nablus,619,618.1069,12320.0,19.90306946688207,19.931825916085312
1997,PSE.2.7_1,Qalqilya,192,194.4732,7865.0,40.963541666666664,40.44259555068059
1997,PSE.2.8_1,Ramallah and Al-Bireh,861,858.0791,23361.0,27.13240418118467,27.22476159180071
1997,PSE.2.9_1,Salfit,208,207.6911,7484.0,35.98076923076923,36.03428661267757
1997,PSE.2.10_1,Tubas,365,370.7552,3697.0,10.128767123287671,9.971538593433381
1997,PSE.2.11_1,Tulkarm,268,263.7931,6617.0,24.690298507462686,25.08404975765447
1998,PSE.1.1_1,Deir Al-Balah,56,56.0084,2411.0,43.05357142857143,43.04714074137975
1998,PSE.1.2_1,Gaza,69,69.2082,3269.0,47.3768115942029,47.23425345896653
1998,PSE.1.3_1,Gaza ash Shamaliyah,53,53.2084,2852.0,53.81132075471698,53.60053896442554
1998,PSE.1.4_1,Khan Yunis,112,113.2505,4601.0,41.080357142857146,40.626748106233116
1998,PSE.1.5_1,Rafah,51,50.8094,1980.0,38.8235294117647,38.96917582151519
1998,PSE.2.1_1,Bethlehem,764,762.9455,10206.0,13.358638743455497,13.3771022952584
1998,PSE.2.2_1,Hebron,1045,1042.2966,20332.0,19.45645933014354,19.506924337059367
1998,PSE.2.3_1,Jenin,585,582.5743,10055.0,17.188034188034187,17.259601080974523
1998,PSE.2.4_1,Jericho,607,605.9758,10510.0,17.314662273476113,17.343928147387086
1998,PSE.2.5_1,Jerusalem,365,370.7993,14936.0,40.92054794520548,40.2805466546382
1998,PSE.2.6_1,Nablus,619,618.1069,12699.0,20.51534733441034,20.544988417886962
1998,PSE.2.7_1,Qalqilya,192,194.4732,7971.0,41.515625,40.98765786833758
1998,PSE.2.8_1,Ramallah and Al-Bireh,861,858.0791,24345.0,28.27526132404181,28.371508965899935
1998,PSE.2.9_1,Salfit,208,207.6911,7579.0,36.4375,36.49169671799616
1998,PSE.2.10_1,Tubas,365,370.7552,3840.0,10.520547945205479,10.357237814115278
1998,PSE.2.11_1,Tulkarm,268,263.7931,6862.0,25.604477611940297,26.012807833916423
1999,PSE.1.1_1,Deir Al-Balah,56,56.0084,2419.0,43.19642857142857,43.18997654641129
1999,PSE.1.2_1,Gaza,69,69.2082,3270.0,47.391304347826086,47.24870260349359
1999,PSE.1.3_1,Gaza ash Shamaliyah,53,53.2084,2879.0,54.320754716981135,54.10797744690783
1999,PSE.1.4_1,Khan Yunis,112,113.2505,4632.0,41.357142857142854,40.90047755446029
1999,PSE.1.5_1,Rafah,51,50.8094,2104.0,41.254901960784316,41.409669660842404
1999,PSE.2.1_1,Bethlehem,764,762.9455,10476.0,13.712041884816754,13.730993890371057
1999,PSE.2.2_1,Hebron,1045,1042.2966,20995.0,20.09090909090909,20.143019695876518
1999,PSE.2.3_1,Jenin,585,582.5743,10385.0,17.752136752136753,17.826052434203923
1999,PSE.2.4_1,Jericho,607,605.9758,10897.0,17.952224052718286,17.98256755681038
1999,PSE.2.5_1,Jerusalem,365,370.7993,15223.0,41.706849315068496,41.054550195738976
1999,PSE.2.6_1,Nablus,619,618.1069,13109.0,21.177705977382875,21.20830405308136
1999,PSE.2.7_1,Qalqilya,192,194.4732,8071.0,42.036458333333336,41.50186760197624
1999,PSE.2.8_1,Ramallah and Al-Bireh,861,858.0791,25326.0,29.414634146341463,29.514760158980557
1999,PSE.2.9_1,Salfit,208,207.6911,7694.0,36.99038461538461,37.045403687592355
1999,PSE.2.10_1,Tubas,365,370.7552,4024.0,11.024657534246575,10.853522126041636
1999,PSE.2.11_1,Tulkarm,268,263.7931,7102.0,26.5,26.92261166372405
2000,PSE.1.1_1,Deir Al-Balah,56,56.0084,2419.0,43.19642857142857,43.18997654641129
2000,PSE.1.2_1,Gaza,69,69.2082,3270.0,47.391304347826086,47.24870260349359
2000,PSE.1.3_1,Gaza ash Shamaliyah,53,53.2084,2879.0,54.320754716981135,54.10797744690783
2000,PSE.1.4_1,Khan Yunis,112,113.2505,4632.0,41.357142857142854,40.90047755446029
2000,PSE.1.5_1,Rafah,51,50.8094,2105.0,41.27450980392157,41.42935106277246
2000,PSE.2.1_1,Bethlehem,764,762.9455,10572.0,13.837696335078535,13.856822013077778
2000,PSE.2.2_1,Hebron,1045,1042.2966,21141.0,20.230622009569377,20.283094993594926
2000,PSE.2.3_1,Jenin,585,582.5743,10440.0,17.846153846153847,17.920460993075487
2000,PSE.2.4_1,Jericho,607,605.9758,10935.0,18.01482701812191,18.045276336030238
2000,PSE.2.5_1,Jerusalem,365,370.7993,15326.0,41.989041095890414,41.33232847007131
2000,PSE.2.6_1,Nablus,619,618.1069,13151.0,21.245557350565427,21.276253459613468
2000,PSE.2.7_1,Qalqilya,192,194.4732,8097.0,42.171875,41.635562132722285
2000,PSE.2.8_1,Ramallah and Al-Bireh,861,858.0791,25628.0,29.765389082462253,29.866709048185808
2000,PSE.2.9_1,Salfit,208,207.6911,7742.0,37.22115384615385,37.276516161858595
2000,PSE.2.10_1,Tubas,365,370.7552,4196.0,11.495890410958904,11.317440069798883
2000,PSE.2.11_1,Tulkarm,268,263.7931,7167.0,26.742537313432837,27.169016867630283
2001,PSE.1.1_1,Deir Al-Balah,56,56.0084,2419.0,43.19642857142857,43.18997654641129
2001,PSE.1.2_1,Gaza,69,69.2082,3270.0,47.391304347826086,47.24870260349359
2001,PSE.1.3_1,Gaza ash Shamaliyah,53,53.2084,2879.0,54.320754716981135,54.10797744690783
2001,PSE.1.4_1,Khan Yunis,112,113.2505,4632.0,41.357142857142854,40.90047755446029
2001,PSE.1.5_1,Rafah,51,50.8094,2105.0,41.27450980392157,41.42935106277246
2001,PSE.2.1_1,Bethlehem,764,762.9455,10597.0,13.870418848167539,13.889589753365987
2001,PSE.2.2_1,Hebron,1045,1042.2966,21165.0,20.25358851674641,20.3061210699322
2001,PSE.2.3_1,Jenin,585,582.5743,10520.0,17.982905982905983,18.05778253325231
2001,PSE.2.4_1,Jericho,607,605.9758,10994.0,18.11202635914333,18.14263996692423
2001,PSE.2.5_1,Jerusalem,365,370.7993,15426.0,42.26301369863014,41.602016115054155
2001,PSE.2.6_1,Nablus,619,618.1069,13172.0,21.279483037156705,21.310228162879522
2001,PSE.2.7_1,Qalqilya,192,194.4732,8127.0,42.328125,41.78982505281388
2001,PSE.2.8_1,Ramallah and Al-Bireh,861,858.0791,25972.0,30.164924506387923,30.26760447165139
2001,PSE.2.9_1,Salfit,208,207.6911,7846.0,37.72115384615385,37.77725985610211
2001,PSE.2.10_1,Tubas,365,370.7552,4384.0,12.01095890410959,11.824513171114942
2001,PSE.2.11_1,Tulkarm,268,263.7931,7183.0,26.80223880597015,27.229670456284126
2002,PSE.1.1_1,Deir Al-Balah,56,56.0084,2419.0,43.19642857142857,43.18997654641129
2002,PSE.1.2_1,Gaza,69,69.2082,3270.0,47.391304347826086,47.24870260349359
2002,PSE.1.3_1,Gaza ash Shamaliyah,53,53.2084,2879.0,54.320754716981135,54.10797744690783
2002,PSE.1.4_1,Khan Yunis,112,113.2505,4632.0,41.357142857142854,40.90047755446029
2002,PSE.1.5_1,Rafah,51,50.8094,2105.0,41.27450980392157,41.42935106277246
2002,PSE.2.1_1,Bethlehem,764,762.9455,10674.0,13.971204188481675,13.99051439345367
2002,PSE.2.2_1,Hebron,1045,1042.2966,21311.0,20.3933014354067,20.446196367650607
2002,PSE.2.3_1,Jenin,585,582.5743,10651.0,18.206837606837606,18.282646555291862
2002,PSE.2.4_1,Jericho,607,605.9758,11011.0,18.14003294892916,18.170693894469952
2002,PSE.2.5_1,Jerusalem,365,370.7993,15545.0,42.58904109589041,41.922944412583746
2002,PSE.2.6_1,Nablus,619,618.1069,13222.0,21.36025848142165,21.391120313512985
2002,PSE.2.7_1,Qalqilya,192,194.4732,8135.0,42.369791666666664,41.83096183150498
2002,PSE.2.8_1,Ramallah and Al-Bireh,861,858.0791,26243.0,30.479674796747968,30.58342615699782
2002,PSE.2.9_1,Salfit,208,207.6911,8171.0,39.28365384615385,39.3420839006131
2002,PSE.2.10_1,Tubas,365,370.7552,4403.0,12.063013698630137,11.875759920716034
2002,PSE.2.11_1,Tulkarm,268,263.7931,7196.0,26.850746268656717,27.27895149706537
2003,PSE.1.1_1,Deir Al-Balah,56,56.0084,2482.0,44.32142857142857,44.31480851103465
2003,PSE.1.2_1,Gaza,69,69.2082,3366.0,48.78260869565217,48.63582047809157
2003,PSE.1.3_1,Gaza ash Shamaliyah,53,53.2084,2882.0,54.37735849056604,54.16435950051697
2003,PSE.1.4_1,Khan Yunis,112,113.2505,4632.0,41.357142857142854,40.90047755446029
2003,PSE.1.5_1,Rafah,51,50.8094,2105.0,41.27450980392157,41.42935106277246
2003,PSE.2.1_1,Bethlehem,764,762.9455,10819.0,14.160994764397905,14.180567287125282
2003,PSE.2.2_1,Hebron,1045,1042.2966,21518.0,20.591387559808613,20.644796276059584
2003,PSE.2.3_1,Jenin,585,582.5743,10670.0,18.23931623931624,18.315260421083856
2003,PSE.2.4_1,Jericho,607,605.9758,11037.0,18.182866556836903,18.213599901304594
2003,PSE.2.5_1,Jerusalem,365,370.7993,15666.0,42.92054794520548,42.249266463012994
2003,PSE.2.6_1,Nablus,619,618.1069,13377.0,21.610662358642973,21.641885980476722
2003,PSE.2.7_1,Qalqilya,192,194.4732,8141.0,42.401041666666664,41.8618144155233
2003,PSE.2.8_1,Ramallah and Al-Bireh,861,858.0791,26526.0,30.808362369337978,30.913232566418632
2003,PSE.2.9_1,Salfit,208,207.6911,8319.0,39.99519230769231,40.054680696267326
2003,PSE.2.10_1,Tubas,365,370.7552,4403.0,12.063013698630137,11.875759920716034
2003,PSE.2.11_1,Tulkarm,268,263.7931,7200.0,26.865671641791046,27.294114894228834
2004,PSE.1.1_1,Deir Al-Balah,56,56.0084,2502.0,44.67857142857143,44.671898023613494
2004,PSE.1.2_1,Gaza,69,69.2082,3400.0,49.27536231884058,49.127091392011685
2004,PSE.1.3_1,Gaza ash Shamaliyah,53,53.2084,2884.0,54.41509433962264,54.2019475362564
2004,PSE.1.4_1,Khan Yunis,112,113.2505,4632.0,41.357142857142854,40.90047755446029
2004,PSE.1.5_1,Rafah,51,50.8094,2105.0,41.27450980392157,41.42935106277246
2004,PSE.2.1_1,Bethlehem,764,762.9455,10915.0,14.286649214659686,14.306395409832005
2004,PSE.2.2_1,Hebron,1045,1042.2966,21587.0,20.657416267942583,20.71099624552924
2004,PSE.2.3_1,Jenin,585,582.5743,10738.0,18.355555555555554,18.431983730234155
2004,PSE.2.4_1,Jericho,607,605.9758,11050.0,18.204283360790775,18.235052904721915
2004,PSE.2.5_1,Jerusalem,365,370.7993,15836.0,43.38630136986301,42.707735459483835
2004,PSE.2.6_1,Nablus,619,618.1069,13409.0,21.662358642972535,21.693656956882137
2004,PSE.2.7_1,Qalqilya,192,194.4732,8188.0,42.645833333333336,42.103492990333464
2004,PSE.2.8_1,Ramallah and Al-Bireh,861,858.0791,26916.0,31.261324041811847,31.36773609883601
2004,PSE.2.9_1,Salfit,208,207.6911,8503.0,40.87980769230769,40.94061184762124
2004,PSE.2.10_1,Tubas,365,370.7552,4418.0,12.104109589041096,11.916217880927421
2004,PSE.2.11_1,Tulkarm,268,263.7931,7233.0,26.988805970149254,27.41921292082738
2005,PSE.1.1_1,Deir Al-Balah,56,56.0084,2518.0,44.964285714285715,44.95756963367656
2005,PSE.1.2_1,Gaza,69,69.2082,3417.0,49.52173913043478,49.372726848971745
2005,PSE.1.3_1,Gaza ash Shamaliyah,53,53.2084,2886.0,54.45283018867924,54.23953557199583
2005,PSE.1.4_1,Khan Yunis,112,113.2505,4656.0,41.57142857142857,41.11239712728133
2005,PSE.1.5_1,Rafah,51,50.8094,2105.0,41.27450980392157,41.42935106277246
2005,PSE.2.1_1,Bethlehem,764,762.9455,10964.0,14.350785340314136,14.370620180796895
2005,PSE.2.2_1,Hebron,1045,1042.2966,21851.0,20.910047846889952,20.964283085239238
2005,PSE.2.3_1,Jenin,585,582.5743,10796.0,18.454700854700853,18.531541846862353
2005,PSE.2.4_1,Jericho,607,605.9758,11057.0,18.215815485996703,18.246604521946626
2005,PSE.2.5_1,Jerusalem,365,370.7993,15898.0,43.556164383561644,42.874941799373204
2005,PSE.2.6_1,Nablus,619,618.1069,13524.0,21.848142164781905,21.879708903339104
2005,PSE.2.7_1,Qalqilya,192,194.4732,8243.0,42.932291666666664,42.38630834383473
2005,PSE.2.8_1,Ramallah and Al-Bireh,861,858.0791,27231.0,31.627177700348433,31.734835105788502
2005,PSE.2.9_1,Salfit,208,207.6911,8559.0,41.14903846153846,41.21024306759852
2005,PSE.2.10_1,Tubas,365,370.7552,4474.0,12.257534246575343,12.067260932383268
2005,PSE.2.11_1,Tulkarm,268,263.7931,7314.0,27.291044776119403,27.726271713387458
2006,PSE.1.1_1,Deir Al-Balah,56,56.0084,2518.0,44.964285714285715,44.95756963367656
2006,PSE.1.2_1,Gaza,69,69.2082,3418.0,49.53623188405797,49.38717599349881
2006,PSE.1.3_1,Gaza ash Shamaliyah,53,53.2084,2886.0,54.45283018867924,54.23953557199583
2006,PSE.1.4_1,Khan Yunis,112,113.2505,4656.0,41.57142857142857,41.11239712728133
2006,PSE.1.5_1,Rafah,51,50.8094,2111.0,41.3921568627451,41.547439474352814
2006,PSE.2.1_1,Bethlehem,764,762.9455,11046.0,14.458115183246074,14.47809836894222
2006,PSE.2.2_1,Hebron,1045,1042.2966,22353.0,21.390430622009568,21.445911848627187
2006,PSE.2.3_1,Jenin,585,582.5743,10908.0,18.646153846153847,18.723792003109907
2006,PSE.2.4_1,Jericho,607,605.9758,11078.0,18.2504118616145,18.281259373620756
2006,PSE.2.5_1,Jerusalem,365,370.7993,15960.0,43.726027397260275,43.042148139262565
2006,PSE.2.6_1,Nablus,619,618.1069,13610.0,21.98707592891761,22.018843402428658
2006,PSE.2.7_1,Qalqilya,192,194.4732,8297.0,43.213541666666664,42.66398159999961
2006,PSE.2.8_1,Ramallah and Al-Bireh,861,858.0791,27512.0,31.95354239256678,32.06231072786358
2006,PSE.2.9_1,Salfit,208,207.6911,8631.0,41.49519230769231,41.55691177899787
2006,PSE.2.10_1,Tubas,365,370.7552,4479.0,12.271232876712329,12.080746919120399
2006,PSE.2.11_1,Tulkarm,268,263.7931,7319.0,27.309701492537314,27.745225959841783
2007,PSE.1.1_1,Deir Al-Balah,56,56.0084,2521.0,45.017857142857146,45.011133060563395
2007,PSE.1.2_1,Gaza,69,69.2082,3426.0,49.65217391304348,49.502769149715306
2007,PSE.1.3_1,Gaza ash Shamaliyah,53,53.2084,2886.0,54.45283018867924,54.23953557199583
2007,PSE.1.4_1,Khan Yunis,112,113.2505,4656.0,41.57142857142857,41.11239712728133
2007,PSE.1.5_1,Rafah,51,50.8094,2113.0,41.431372549019606,41.58680227821293
2007,PSE.2.1_1,Bethlehem,764,762.9455,11073.0,14.493455497382199,14.513487528453485
2007,PSE.2.2_1,Hebron,1045,1042.2966,22910.0,21.923444976076556,21.98030870362139
2007,PSE.2.3_1,Jenin,585,582.5743,10938.0,18.6974358974359,18.775287580676217
2007,PSE.2.4_1,Jericho,607,605.9758,11149.0,18.367380560131796,18.398425776899966
2007,PSE.2.5_1,Jerusalem,365,370.7993,16047.0,43.964383561643835,43.27677639039764
2007,PSE.2.6_1,Nablus,619,618.1069,13682.0,22.103392568659128,22.135328099340846
2007,PSE.2.7_1,Qalqilya,192,194.4732,8337.0,43.421875,42.869665493455074
2007,PSE.2.8_1,Ramallah and Al-Bireh,861,858.0791,27585.0,32.038327526132406,32.14738446598273
2007,PSE.2.9_1,Salfit,208,207.6911,8648.0,41.57692307692308,41.63876411363383
2007,PSE.2.10_1,Tubas,365,370.7552,4501.0,12.331506849315069,12.140085260763767
2007,PSE.2.11_1,Tulkarm,268,263.7931,7348.0,27.417910447761194,27.85516058927687
2008,PSE.1.1_1,Deir Al-Balah,56,56.0084,2521.0,45.017857142857146,45.011133060563395
2008,PSE.1.2_1,Gaza,69,69.2082,3426.0,49.65217391304348,49.502769149715306
2008,PSE.1.3_1,Gaza ash Shamaliyah,53,53.2084,2886.0,54.45283018867924,54.23953557199583
2008,PSE.1.4_1,Khan Yunis,112,113.2505,4656.0,41.57142857142857,41.11239712728133
2008,PSE.1.5_1,Rafah,51,50.8094,2116.0,41.490196078431374,41.6458464840031
2008,PSE.2.1_1,Bethlehem,764,762.9455,11052.0,14.465968586387435,14.48596262661139
2008,PSE.2.2_1,Hebron,1045,1042.2966,23014.0,22.022966507177035,22.080088367749568
2008,PSE.2.3_1,Jenin,585,582.5743,10988.0,18.782905982905984,18.86111354328673
2008,PSE.2.4_1,Jericho,607,605.9758,11407.0,18.792421746293247,18.82418538318216
2008,PSE.2.5_1,Jerusalem,365,370.7993,16224.0,44.44931506849315,43.75412352201729
2008,PSE.2.6_1,Nablus,619,618.1069,13711.0,22.150242326332794,22.182245546708256
2008,PSE.2.7_1,Qalqilya,192,194.4732,8402.0,43.760416666666664,43.2039018203202
2008,PSE.2.8_1,Ramallah and Al-Bireh,861,858.0791,27719.0,32.19396051103368,32.303547218146655
2008,PSE.2.9_1,Salfit,208,207.6911,8662.0,41.64423076923077,41.70617191862815
2008,PSE.2.10_1,Tubas,365,370.7552,4485.0,12.287671232876713,12.096930103204954
2008,PSE.2.11_1,Tulkarm,268,263.7931,7371.0,27.503731343283583,27.94235012296677
2009,PSE.1.1_1,Deir Al-Balah,56,56.0084,2521.0,45.017857142857146,45.011133060563395
2009,PSE.1.2_1,Gaza,69,69.2082,3427.0,49.666666666666664,49.51721829424237
2009,PSE.1.3_1,Gaza ash Shamaliyah,53,53.2084,2886.0,54.45283018867924,54.23953557199583
2009,PSE.1.4_1,Khan Yunis,112,113.2505,4657.0,41.580357142857146,41.1212271094822
2009,PSE.1.5_1,Rafah,51,50.8094,2116.0,41.490196078431374,41.6458464840031
2009,PSE.2.1_1,Bethlehem,764,762.9455,11394.0,14.913612565445026,14.934225313754087
2009,PSE.2.2_1,Hebron,1045,1042.2966,23816.0,22.79043062200957,22.849543085353424
2009,PSE.2.3_1,Jenin,585,582.5743,11252.0,19.234188034188033,19.314274625870247
2009,PSE.2.4_1,Jericho,607,605.9758,11813.0,19.461285008237233,19.494179182215383
2009,PSE.2.5_1,Jerusalem,365,370.7993,16521.0,45.26301369863014,44.55509582761635
2009,PSE.2.6_1,Nablus,619,618.1069,13914.0,22.478190630048466,22.510667678280115
2009,PSE.2.7_1,Qalqilya,192,194.4732,8550.0,44.53125,43.96493222610542
2009,PSE.2.8_1,Ramallah and Al-Bireh,861,858.0791,28003.0,32.523809523809526,32.63451902124033
2009,PSE.2.9_1,Salfit,208,207.6911,8734.0,41.99038461538461,42.05284063002751
2009,PSE.2.10_1,Tubas,365,370.7552,4552.0,12.471232876712328,12.277642325482486
2009,PSE.2.11_1,Tulkarm,268,263.7931,7602.0,28.365671641791046,28.81803630915661
2010,PSE.1.1_1,Deir Al-Balah,56,56.0084,2522.0,45.035714285714285,45.02898753619233
2010,PSE.1.2_1,Gaza,69,69.2082,3427.0,49.666666666666664,49.51721829424237
2010,PSE.1.3_1,Gaza ash Shamaliyah,53,53.2084,2886.0,54.45283018867924,54.23953557199583
2010,PSE.1.4_1,Khan Yunis,112,113.2505,4658.0,41.589285714285715,41.13005709168308
2010,PSE.1.5_1,Rafah,51,50.8094,2116.0,41.490196078431374,41.6458464840031
2010,PSE.2.1_1,Bethlehem,764,762.9455,12008.0,15.717277486910994,15.739001015232498
2010,PSE.2.2_1,Hebron,1045,1042.2966,25911.0,24.795215311004785,24.859527665627837
2010,PSE.2.3_1,Jenin,585,582.5743,11769.0,20.117948717948718,20.20171507926297
2010,PSE.2.4_1,Jericho,607,605.9758,12302.0,20.2668863261944,20.30114215691303
2010,PSE.2.5_1,Jerusalem,365,370.7993,16746.0,45.87945205479452,45.161893028827755
2010,PSE.2.6_1,Nablus,619,618.1069,14416.0,23.289176090468498,23.322824870640083
2010,PSE.2.7_1,Qalqilya,192,194.4732,8898.0,46.34375,45.754382099167955
2010,PSE.2.8_1,Ramallah and Al-Bireh,861,858.0791,29290.0,34.01858304297329,34.13438067821767
2010,PSE.2.9_1,Salfit,208,207.6911,9033.0,43.42788461538461,43.49247875097761
2010,PSE.2.10_1,Tubas,365,370.7552,4667.0,12.786301369863013,12.587820020436459
2010,PSE.2.11_1,Tulkarm,268,263.7931,8096.0,30.208955223880597,30.690715858843976
2011,PSE.1.1_1,Deir Al-Balah,56,56.0084,2610.0,46.607142857142854,46.60018139153925
2011,PSE.1.2_1,Gaza,69,69.2082,3480.0,50.43478260869565,50.283022954176666
2011,PSE.1.3_1,Gaza ash Shamaliyah,53,53.2084,2892.0,54.56603773584906,54.35229967921411
2011,PSE.1.4_1,Khan Yunis,112,113.2505,4763.0,42.526785714285715,42.05720522277512
2011,PSE.1.5_1,Rafah,51,50.8094,2219.0,43.509803921568626,43.6730308827991
2011,PSE.2.1_1,Bethlehem,764,762.9455,12354.0,16.170157068062828,16.19250654082131
2011,PSE.2.2_1,Hebron,1045,1042.2966,26745.0,25.593301435406698,25.659683818348057
2011,PSE.2.3_1,Jenin,585,582.5743,12168.0,20.8,20.88660626089488
2011,PSE.2.4_1,Jericho,607,605.9758,13009.0,21.43163097199341,21.467855496608813
2011,PSE.2.5_1,Jerusalem,365,370.7993,17164.0,47.02465753424657,46.289187384856056
2011,PSE.2.6_1,Nablus,619,618.1069,14880.0,24.038772213247174,24.073504028518624
2011,PSE.2.7_1,Qalqilya,192,194.4732,9162.0,47.71875,47.111895795974014
2011,PSE.2.8_1,Ramallah and Al-Bireh,861,858.0791,29862.0,34.68292682926829,34.80098585909648
2011,PSE.2.9_1,Salfit,208,207.6911,9155.0,44.01442307692308,44.07988962307097
2011,PSE.2.10_1,Tubas,365,370.7552,4939.0,13.531506849315068,13.32145769893629
2011,PSE.2.11_1,Tulkarm,268,263.7931,8742.0,32.61940298507463,33.13960450074284
2012,PSE.1.1_1,Deir Al-Balah,56,56.0084,2610.0,46.607142857142854,46.60018139153925
2012,PSE.1.2_1,Gaza,69,69.2082,3483.0,50.47826086956522,50.326370387757855
2012,PSE.1.3_1,Gaza ash Shamaliyah,53,53.2084,2892.0,54.56603773584906,54.35229967921411
2012,PSE.1.4_1,Khan Yunis,112,113.2505,4763.0,42.526785714285715,42.05720522277512
2012,PSE.1.5_1,Rafah,51,50.8094,2219.0,43.509803921568626,43.6730308827991
2012,PSE.2.1_1,Bethlehem,764,762.9455,12290.0,16.086387434554975,16.108621125683495
2012,PSE.2.2_1,Hebron,1045,1042.2966,27112.0,25.944497607655503,26.011790902338852
2012,PSE.2.3_1,Jenin,585,582.5743,12399.0,21.194871794871794,21.283122208155458
2012,PSE.2.4_1,Jericho,607,605.9758,13240.0,21.812191103789125,21.849058865024265
2012,PSE.2.5_1,Jerusalem,365,370.7993,17299.0,47.394520547945206,46.6532657055829
2012,PSE.2.6_1,Nablus,619,618.1069,15210.0,24.5718901453958,24.607392222699477
2012,PSE.2.7_1,Qalqilya,192,194.4732,9293.0,48.401041666666664,47.78551054704066
2012,PSE.2.8_1,Ramallah and Al-Bireh,861,858.0791,30280.0,35.16840882694541,35.288120414354076
2012,PSE.2.9_1,Salfit,208,207.6911,9252.0,44.48076923076923,44.54692941481732
2012,PSE.2.10_1,Tubas,365,370.7552,5140.0,14.082191780821917,13.863594365768888
2012,PSE.2.11_1,Tulkarm,268,263.7931,8759.0,32.68283582089552,33.20404893868755
2013,PSE.1.1_1,Deir Al-Balah,56,56.0084,2610.0,46.607142857142854,46.60018139153925
2013,PSE.1.2_1,Gaza,69,69.2082,3483.0,50.47826086956522,50.326370387757855
2013,PSE.1.3_1,Gaza ash Shamaliyah,53,53.2084,2892.0,54.56603773584906,54.35229967921411
2013,PSE.1.4_1,Khan Yunis,112,113.2505,4763.0,42.526785714285715,42.05720522277512
2013,PSE.1.5_1,Rafah,51,50.8094,2219.0,43.509803921568626,43.6730308827991
2013,PSE.2.1_1,Bethlehem,764,762.9455,12408.0,16.240837696335078,16.26328485984384
2013,PSE.2.2_1,Hebron,1045,1042.2966,27465.0,26.282296650717704,26.350466108466232
2013,PSE.2.3_1,Jenin,585,582.5743,12757.0,21.806837606837608,21.897636100446743
2013,PSE.2.4_1,Jericho,607,605.9758,13297.0,21.906095551894563,21.943122033854053
2013,PSE.2.5_1,Jerusalem,365,370.7993,17301.0,47.4,46.65865945848256
2013,PSE.2.6_1,Nablus,619,618.1069,15524.0,25.079159935379643,25.115394928677627
2013,PSE.2.7_1,Qalqilya,192,194.4732,9353.0,48.713541666666664,48.09403638722385
2013,PSE.2.8_1,Ramallah and Al-Bireh,861,858.0791,30618.0,35.5609756097561,35.682023475782465
2013,PSE.2.9_1,Salfit,208,207.6911,9450.0,45.43269230769231,45.500268371165554
2013,PSE.2.10_1,Tubas,365,370.7552,5192.0,14.224657534246575,14.003848627835032
2013,PSE.2.11_1,Tulkarm,268,263.7931,8793.0,32.809701492537314,33.332937814576965
2014,PSE.1.1_1,Deir Al-Balah,56,56.0084,2610.0,46.607142857142854,46.60018139153925
2014,PSE.1.2_1,Gaza,69,69.2082,3483.0,50.47826086956522,50.326370387757855
2014,PSE.1.3_1,Gaza ash Shamaliyah,53,53.2084,2892.0,54.56603773584906,54.35229967921411
2014,PSE.1.4_1,Khan Yunis,112,113.2505,4763.0,42.526785714285715,42.05720522277512
2014,PSE.1.5_1,Rafah,51,50.8094,2219.714931488037,43.52382218603994,43.68710173676761
2014,PSE.2.1_1,Bethlehem,764,762.9455,12945.122153282166,16.94387716398189,16.96729602871558
2014,PSE.2.2_1,Hebron,1045,1042.2966,28692.958249092102,27.457376314920673,27.528593624406994
2014,PSE.2.3_1,Jenin,585,582.5743,14031.776933670044,23.98594347635905,24.08581524936498
2014,PSE.2.4_1,Jericho,607,605.9758,13541.451193332672,22.308815804501933,22.34652297892588
2014,PSE.2.5_1,Jerusalem,365,370.7993,17471.591127872467,47.867372953075254,47.1187226537915
2014,PSE.2.6_1,Nablus,619,618.1069,16470.51475572586,26.60826293332126,26.646707212617063
2014,PSE.2.7_1,Qalqilya,192,194.4732,9423.933988571167,49.08298952380816,48.45878586091493
2014,PSE.2.8_1,Ramallah and Al-Bireh,861,858.0791,31511.4877743721,36.59870821646005,36.723288474818
2014,PSE.2.9_1,Salfit,208,207.6911,9939.30858039856,47.785137405762306,47.85621246899079
2014,PSE.2.10_1,Tubas,365,370.7552,5545.050814628601,15.19192004007836,14.956096348557832
2014,PSE.2.11_1,Tulkarm,268,263.7931,9347.625853538513,34.87920094603923,35.4354408381589
2015,PSE.1.1_1,Deir Al-Balah,56,56.0084,2610.0,46.607142857142854,46.60018139153925
2015,PSE.1.2_1,Gaza,69,69.2082,3483.0,50.47826086956522,50.326370387757855
2015,PSE.1.3_1,Gaza ash Shamaliyah,53,53.2084,2892.0,54.56603773584906,54.35229967921411
2015,PSE.1.4_1,Khan Yunis,112,113.2505,4763.727272033691,42.53327921458653,42.06362702188781
2015,PSE.1.5_1,Rafah,51,50.8094,2220.21492767334,43.53362603281059,43.69694236265405
2015,PSE.2.1_1,Bethlehem,764,762.9455,12978.485361099243,16.98754628416131,17.011025505872844
2015,PSE.2.2_1,Hebron,1045,1042.2966,28848.00322818756,27.605744715968957,27.67734685458878
2015,PSE.2.3_1,Jenin,585,582.5743,14228.329731464386,24.321931164896387,24.423201910854768
2015,PSE.2.4_1,Jericho,607,605.9758,13573.433855056763,22.36150552727638,22.39930175979218
2015,PSE.2.5_1,Jerusalem,365,370.7993,17477.76197576523,47.88427938565816,47.13536466814896
2015,PSE.2.6_1,Nablus,619,618.1069,16711.64159631729,26.997805486780763,27.036812586834927
2015,PSE.2.7_1,Qalqilya,192,194.4732,9439.528833389282,49.16421267390251,48.538976070915524
2015,PSE.2.8_1,Ramallah and Al-Bireh,861,858.0791,31670.258277893066,36.78311065957383,36.90831861505893
2015,PSE.2.9_1,Salfit,208,207.6911,9963.397300720215,47.90094856115488,47.972195880562566
2015,PSE.2.10_1,Tubas,365,370.7552,5562.246098041534,15.239030405593246,15.00247542136743
2015,PSE.2.11_1,Tulkarm,268,263.7931,9506.534582138062,35.472143963201724,36.03783987928277
2016,PSE.1.1_1,Deir Al-Balah,56,56.0084,2610.0,46.607142857142854,46.60018139153925
2016,PSE.1.2_1,Gaza,69,69.2082,3487.2930335998535,50.54047874782396,50.388401050701674
2016,PSE.1.3_1,Gaza ash Shamaliyah,53,53.2084,2892.0,54.56603773584906,54.35229967921411
2016,PSE.1.4_1,Khan Yunis,112,113.2505,4776.642999649048,42.64859821115221,42.177672666842774
2016,PSE.1.5_1,Rafah,51,50.8094,2230.848243713379,43.74212242575253,43.90622092948739
2016,PSE.2.1_1,Bethlehem,764,762.9455,13514.535397529602,17.68918245749948,17.71363144088224
2016,PSE.2.2_1,Hebron,1045,1042.2966,29687.585987091064,28.40917319338858,28.482859217004194
2016,PSE.2.3_1,Jenin,585,582.5743,15311.288736343384,26.17314313904852,26.28212189208407
2016,PSE.2.4_1,Jericho,607,605.9758,13712.688701629639,22.590920431020823,22.62910442897728
2016,PSE.2.5_1,Jerusalem,365,370.7993,17530.516099452972,48.02881123137801,47.277636021953775
2016,PSE.2.6_1,Nablus,619,618.1069,17310.2366065979,27.964841044584652,28.005245341636094
2016,PSE.2.7_1,Qalqilya,192,194.4732,9478.86992263794,49.36911418040594,48.74127178115159
2016,PSE.2.8_1,Ramallah and Al-Bireh,861,858.0791,32591.011142253876,37.852510037460945,37.9813581774574
2016,PSE.2.9_1,Salfit,208,207.6911,10155.31350517273,48.823622621022736,48.896242315204354
2016,PSE.2.10_1,Tubas,365,370.7552,5694.785961151123,15.602153318222255,15.3599615885748
2016,PSE.2.11_1,Tulkarm,268,263.7931,9829.103715896606,36.67576013394256,37.260650851246325
2017,PSE.1.1_1,Deir Al-Balah,56,56.0084,2610.0,46.607142857142854,46.60018139153925
2017,PSE.1.2_1,Gaza,69,69.2082,3487.2930335998535,50.54047874782396,50.388401050701674
2017,PSE.1.3_1,Gaza ash Shamaliyah,53,53.2084,2892.0,54.56603773584906,54.35229967921411
2017,PSE.1.4_1,Khan Yunis,112,113.2505,4776.937116622925,42.65122425556183,42.18026971448709
2017,PSE.1.5_1,Rafah,51,50.8094,2230.848243713379,43.74212242575253,43.90622092948739
2017,PSE.2.1_1,Bethlehem,764,762.9455,14266.928784012794,18.673990554990567,18.699800684196127
2017,PSE.2.2_1,Hebron,1045,1042.2966,31551.753574848175,30.19306562186428,30.27137859955271
2017,PSE.2.3_1,Jenin,585,582.5743,16717.31524848938,28.57660726237501,28.695593469300764
2017,PSE.2.4_1,Jericho,607,605.9758,14229.158792495728,23.441777252875994,23.481399400076793
2017,PSE.2.5_1,Jerusalem,365,370.7993,17650.097496509552,48.356431497286444,47.60013227551325
2017,PSE.2.6_1,Nablus,619,618.1069,18469.996555805206,29.83844354734282,29.88155487183479
2017,PSE.2.7_1,Qalqilya,192,194.4732,9562.848815917969,49.806504249572754,49.17309942459952
2017,PSE.2.8_1,Ramallah and Al-Bireh,861,858.0791,33860.191390514374,39.32658698085293,39.460452808505494
2017,PSE.2.9_1,Salfit,208,207.6911,10633.784091949463,51.12396198052626,51.200003172987465
2017,PSE.2.10_1,Tubas,365,370.7552,6202.44917345047,16.993011434110876,16.729229458174284
2017,PSE.2.11_1,Tulkarm,268,263.7931,10202.33122253418,38.06840008408276,38.67550008011472
2018,PSE.1.1_1,Deir Al-Balah,56,56.0084,2610.0,46.607142857142854,46.60018139153925
2018,PSE.1.2_1,Gaza,69,69.2082,3487.2930335998535,50.54047874782396,50.388401050701674
2018,PSE.1.3_1,Gaza ash Shamaliyah,53,53.2084,2892.0,54.56603773584906,54.35229967921411
2018,PSE.1.4_1,Khan Yunis,112,113.2505,4817.370423316956,43.01223592247282,42.53729509291796
2018,PSE.1.5_1,Rafah,51,50.8094,2253.730947494507,44.190802892049156,44.35658461985023
2018,PSE.2.1_1,Bethlehem,764,762.9455,14702.502359390259,19.244113035851125,19.270711155971142
2018,PSE.2.2_1,Hebron,1045,1042.2966,32811.82366466522,31.3988743202538,31.480314852821092
2018,PSE.2.3_1,Jenin,585,582.5743,17781.41341972351,30.395578495253865,30.52213846646592
2018,PSE.2.4_1,Jericho,607,605.9758,14798.742643356323,24.38013615050465,24.42134434615084
2018,PSE.2.5_1,Jerusalem,365,370.7993,17844.06619119644,48.88785257862039,48.123241880218295
2018,PSE.2.6_1,Nablus,619,618.1069,19252.645783901215,31.102820329404224,31.14775845688091
2018,PSE.2.7_1,Qalqilya,192,194.4732,9674.021516799927,50.385528733332954,49.744760273683546
2018,PSE.2.8_1,Ramallah and Al-Bireh,861,858.0791,34541.19123697281,40.11752756907411,40.254085720790236
2018,PSE.2.9_1,Salfit,208,207.6911,10740.975873947144,51.63930708628435,51.7161147971227
2018,PSE.2.10_1,Tubas,365,370.7552,6516.362140655518,17.85304696070005,17.57591468064232
2018,PSE.2.11_1,Tulkarm,268,263.7931,10758.502255439758,40.143665132237906,40.78386064580456
2019,PSE.1.1_1,Deir Al-Balah,56,56.0084,2637.557384490967,47.09923900876726,47.09220404133061
2019,PSE.1.2_1,Gaza,69,69.2082,3579.2432384490967,51.87309041230575,51.717002849861366
2019,PSE.1.3_1,Gaza ash Shamaliyah,53,53.2084,2894.4827575683594,54.61288221827093,54.39896066932003
2019,PSE.1.4_1,Khan Yunis,112,113.2505,5207.523651123047,46.4957468850272,45.98234115006029
2019,PSE.1.5_1,Rafah,51,50.8094,2388.4603843688965,46.832556556252875,47.008248818785496
2019,PSE.2.1_1,Bethlehem,764,762.9455,15021.599053502083,19.66177886584042,19.688954259950435
2019,PSE.2.2_1,Hebron,1045,1042.2966,34280.901686668396,32.804690609252056,32.889777464490024
2019,PSE.2.3_1,Jenin,585,582.5743,18858.67237520218,32.2370467952174,32.37127420316101
2019,PSE.2.4_1,Jericho,607,605.9758,15313.85016822815,25.228748217838795,25.27139076856334
2019,PSE.2.5_1,Jerusalem,365,370.7993,17893.510607242584,49.023316732171466,48.25658736142866
2019,PSE.2.6_1,Nablus,619,618.1069,19799.891129016876,31.98690004687702,32.033115514692064
2019,PSE.2.7_1,Qalqilya,192,194.4732,9810.724369049072,51.09752275546392,50.44769964611032
2019,PSE.2.8_1,Ramallah and Al-Bireh,861,858.0791,34984.787472724915,40.632738063559714,40.7710499672425
2019,PSE.2.9_1,Salfit,208,207.6911,10840.709369659424,52.11879504643954,52.196315942149496
2019,PSE.2.10_1,Tubas,365,370.7552,6607.3372230529785,18.10229376178898,17.8212924315666
2019,PSE.2.11_1,Tulkarm,268,263.7931,11217.629631996155,41.85682698506028,42.52434333564013
2020,PSE.1.1_1,Deir Al-Balah,56,56.0084,2645.405975341797,47.2393924168178,47.232336515398295
2020,PSE.1.2_1,Gaza,69,69.2082,3592.5737438201904,52.0662861423216,51.90961724858708
2020,PSE.1.3_1,Gaza ash Shamaliyah,53,53.2084,2894.4827575683594,54.61288221827093,54.39896066932003
2020,PSE.1.4_1,Khan Yunis,112,113.2505,5231.856733322144,46.713006547519136,46.19720183277078
2020,PSE.1.5_1,Rafah,51,50.8094,2420.0673217773438,47.45230042700674,47.63031765769934
2020,PSE.2.1_1,Bethlehem,764,762.9455,15177.162591099739,19.865396061648873,19.892852883883034
2020,PSE.2.2_1,Hebron,1045,1042.2966,35739.262902736664,34.200251581566185,34.28895815984442
2020,PSE.2.3_1,Jenin,585,582.5743,19576.9425239563,33.46485901530991,33.60419874178541
2020,PSE.2.4_1,Jericho,607,605.9758,16027.478348255157,26.404412435346224,26.449042136626044
2020,PSE.2.5_1,Jerusalem,365,370.7993,17979.93508720398,49.26009612932597,48.48966350612522
2020,PSE.2.6_1,Nablus,619,618.1069,20611.95400619507,33.298794840379756,33.346905766382896
2020,PSE.2.7_1,Qalqilya,192,194.4732,10001.196346282959,52.089564303557076,51.42712509290098
2020,PSE.2.8_1,Ramallah and Al-Bireh,861,858.0791,35614.01298618317,41.36354586083991,41.50434539943201
2020,PSE.2.9_1,Salfit,208,207.6911,10989.942125320435,52.836260217886704,52.91484826303252
2020,PSE.2.10_1,Tubas,365,370.7552,7002.6261830329895,19.18527721378901,18.88746476589141
2020,PSE.2.11_1,Tulkarm,268,263.7931,11629.656694412231,43.39424139706057,44.08627583301735
2021,PSE.1.1_1,Deir Al-Balah,56,56.0084,2685.104694366455,47.9482981136867,47.94113632672428
2021,PSE.1.2_1,Gaza,69,69.2082,3612.823896408081,52.35976661460987,52.20221463002458
2021,PSE.1.3_1,Gaza ash Shamaliyah,53,53.2084,2894.4827575683594,54.61288221827093,54.39896066932003
2021,PSE.1.4_1,Khan Yunis,112,113.2505,5331.111406326294,47.599208985056194,47.07361882875125
2021,PSE.1.5_1,Rafah,51,50.8094,2663.690689086914,52.22922919778263,52.425167069273186
2021,PSE.2.1_1,Bethlehem,764,762.9455,15569.077817559242,20.378374106752936,20.406539938107816
2021,PSE.2.2_1,Hebron,1045,1042.2966,38853.1111702919,37.180010689274546,37.27644598948653
2021,PSE.2.3_1,Jenin,585,582.5743,21712.120193958282,37.11473537428766,37.26927231923334
2021,PSE.2.4_1,Jericho,607,605.9758,17358.984241485596,28.597997102941672,28.646334481060983
2021,PSE.2.5_1,Jerusalem,365,370.7993,18153.567021369934,49.73580005854777,48.95792738031555
2021,PSE.2.6_1,Nablus,619,618.1069,22728.776796340942,36.718540866463556,36.771592726479454
2021,PSE.2.7_1,Qalqilya,192,194.4732,10447.342067718506,54.41323993603388,53.72124981873498
2021,PSE.2.8_1,Ramallah and Al-Bireh,861,858.0791,36749.148688316345,42.68193808166823,42.827225364541256
2021,PSE.2.9_1,Salfit,208,207.6911,11342.295232772827,54.530265542177055,54.611373231339186
2021,PSE.2.10_1,Tubas,365,370.7552,7538.3732142448425,20.65307729930094,20.332480237367296
2021,PSE.2.11_1,Tulkarm,268,263.7931,12773.00370979309,47.66046160370556,48.42053205548663
2022,PSE.1.1_1,Deir Al-Balah,56,56.0084,2686.326915740967,47.97012349537441,47.962958448468676
2022,PSE.1.2_1,Gaza,69,69.2082,3612.823896408081,52.35976661460987,52.20221463002458
2022,PSE.1.3_1,Gaza ash Shamaliyah,53,53.2084,2894.4827575683594,54.61288221827093,54.39896066932003
2022,PSE.1.4_1,Khan Yunis,112,113.2505,5368.020574569702,47.92875513008663,47.399526127389706
2022,PSE.1.5_1,Rafah,51,50.8094,2682.976459503174,52.60738155888576,52.80473806836642
2022,PSE.2.1_1,Bethlehem,764,762.9455,15766.935312628746,20.63734988563972,20.66587365860834
2022,PSE.2.2_1,Hebron,1045,1042.2966,39968.74613285065,38.247603954881,38.34680831500353
2022,PSE.2.3_1,Jenin,585,582.5743,22813.925710201263,38.998163607181645,39.16054270005591
2022,PSE.2.4_1,Jericho,607,605.9758,17627.218296527863,29.039898346833382,29.08898264255816
2022,PSE.2.5_1,Jerusalem,365,370.7993,18273.195222854614,50.06354855576607,49.280549859634924
2022,PSE.2.6_1,Nablus,619,618.1069,23669.6379404068,38.23851040453441,38.293758354298404
2022,PSE.2.7_1,Qalqilya,192,194.4732,10641.932094573975,55.42672965923945,54.72185067751589
2022,PSE.2.8_1,Ramallah and Al-Bireh,861,858.0791,37289.41456699371,43.30942458419711,43.456847801216746
2022,PSE.2.9_1,Salfit,208,207.6911,11400.203207015991,54.808669264499954,54.89019104815342
2022,PSE.2.10_1,Tubas,365,370.7552,7820.331834793091,21.425566670666,21.092978280793883
2022,PSE.2.11_1,Tulkarm,268,263.7931,13188.590133666992,49.21115721517534,49.99595755572218
